Serial Number,Project Name,Project Num,Sector,Vintage,Date of Action,Quantity,CreditType,Credit Status,Comments
ICR-ESP-34-4-1-A-0-2020,Substitution of fossil fuels for the use of sustainable biofuels manufactured by Green Fuel Extremad,4,1,2020,,0,ICC,Ex-post,
ICR-ESP-34-4-1-A-0-2020,Substitution of fossil fuels for the use of sustainable biofuels manufactured by Green Fuel Extremad,4,1,2020,,0,ICC,Ex-post,
ICR-ESP-34-4-1-A-0-2020,Substitution of fossil fuels for the use of sustainable biofuels manufactured by Green Fuel Extremad,4,1,2020,,1,ICC,Ex-post,
ICR-ESP-34-4-1-A-0-2020,Substitution of fossil fuels for the use of sustainable biofuels manufactured by Green Fuel Extremad,4,1,2020,,0,ICC,Ex-post,
ICR-ESP-34-4-1-A-0-2020,Substitution of fossil fuels for the use of sustainable biofuels manufactured by Green Fuel Extremad,4,1,2020,,5000,ICC,Ex-post,
ICR-ESP-34-4-1-A-0-2020,Substitution of fossil fuels for the use of sustainable biofuels manufactured by Green Fuel Extremad,4,1,2020,,0,ICC,Ex-post,
ICR-ESP-34-4-1-A-0-2020,Substitution of fossil fuels for the use of sustainable biofuels manufactured by Green Fuel Extremad,4,1,2020,,1,ICC,Ex-post,
ICR-ESP-34-4-1-A-0-2020,Substitution of fossil fuels for the use of sustainable biofuels manufactured by Green Fuel Extremad,4,1,2020,,0,ICC,Ex-post,
ICR-ESP-34-4-1-A-0-2020,Substitution of fossil fuels for the use of sustainable biofuels manufactured by Green Fuel Extremad,4,1,2020,,0,ICC,Ex-post,
ICR-ESP-34-4-1-A-0-2020,Substitution of fossil fuels for the use of sustainable biofuels manufactured by Green Fuel Extremad,4,1,2020,,12179,ICC,Ex-post,
ICR-ESP-34-4-1-A-0-2020,Substitution of fossil fuels for the use of sustainable biofuels manufactured by Green Fuel Extremad,4,1,2020,,0,ICC,Ex-post,
ICR-ESP-34-4-1-A-0-2020,Substitution of fossil fuels for the use of sustainable biofuels manufactured by Green Fuel Extremad,4,1,2020,,0,ICC,Ex-post,
ICR-ESP-34-4-1-A-0-2020,Substitution of fossil fuels for the use of sustainable biofuels manufactured by Green Fuel Extremad,4,1,2020,,5,ICC,Ex-post,
ICR-ESP-34-4-1-A-0-2020,Substitution of fossil fuels for the use of sustainable biofuels manufactured by Green Fuel Extremad,4,1,2020,,1960,ICC,Ex-post,
ICR-ESP-34-4-1-A-0-2020,Substitution of fossil fuels for the use of sustainable biofuels manufactured by Green Fuel Extremad,4,1,2020,,0,ICC,Ex-post,
ICR-ESP-34-4-1-A-0-2021,Substitution of fossil fuels for the use of sustainable biofuels manufactured by Green Fuel Extremad,4,1,2021,,0,ICC,Ex-post,
ICR-ESP-34-4-1-A-0-2021,Substitution of fossil fuels for the use of sustainable biofuels manufactured by Green Fuel Extremad,4,1,2021,,39014,ICC,Ex-post,
ICR-ESP-34-4-1-A-0-2021,Substitution of fossil fuels for the use of sustainable biofuels manufactured by Green Fuel Extremad,4,1,2021,,4335,ICC,Ex-post,
ICR-ESP-34-4-1-A-0-2022,Substitution of fossil fuels for the use of sustainable biofuels manufactured by Green Fuel Extremad,4,1,2022,,0,ICC,Ex-post,
ICR-ESP-34-4-1-A-0-2022,Substitution of fossil fuels for the use of sustainable biofuels manufactured by Green Fuel Extremad,4,1,2022,,0,ICC,Ex-post,
ICR-ESP-34-4-1-A-0-2022,Substitution of fossil fuels for the use of sustainable biofuels manufactured by Green Fuel Extremad,4,1,2022,,22712,ICC,Ex-post,
ICR-ESP-34-4-1-A-0-2022,Substitution of fossil fuels for the use of sustainable biofuels manufactured by Green Fuel Extremad,4,1,2022,,2521,ICC,Ex-post,
ICR-ESP-34-5-1-A-0-2020,Substitution of fossil fuels for the use of sustainable biofuels manufactured by Iniciativas Bioener,5,1,2020,,0,ICC,Ex-post,
ICR-ESP-34-5-1-A-0-2020,Substitution of fossil fuels for the use of sustainable biofuels manufactured by Iniciativas Bioener,5,1,2020,,2149,ICC,Ex-post,
ICR-ESP-34-5-1-A-0-2020,Substitution of fossil fuels for the use of sustainable biofuels manufactured by Iniciativas Bioener,5,1,2020,,19338,ICC,Ex-post,
ICR-ESP-34-5-1-A-0-2021,Substitution of fossil fuels for the use of sustainable biofuels manufactured by Iniciativas Bioener,5,1,2021,,0,ICC,Ex-post,
ICR-ESP-34-5-1-A-0-2021,Substitution of fossil fuels for the use of sustainable biofuels manufactured by Iniciativas Bioener,5,1,2021,,0,ICC,Ex-post,
ICR-ESP-34-5-1-A-0-2021,Substitution of fossil fuels for the use of sustainable biofuels manufactured by Iniciativas Bioener,5,1,2021,,0,ICC,Ex-post,
ICR-ESP-34-5-1-A-0-2021,Substitution of fossil fuels for the use of sustainable biofuels manufactured by Iniciativas Bioener,5,1,2021,,0,ICC,Ex-post,
ICR-ESP-34-5-1-A-0-2021,Substitution of fossil fuels for the use of sustainable biofuels manufactured by Iniciativas Bioener,5,1,2021,,1501,ICC,Ex-post,
ICR-ESP-34-5-1-A-0-2021,Substitution of fossil fuels for the use of sustainable biofuels manufactured by Iniciativas Bioener,5,1,2021,,13192,ICC,Ex-post,
ICR-ESP-34-5-1-A-0-2021,Substitution of fossil fuels for the use of sustainable biofuels manufactured by Iniciativas Bioener,5,1,2021,,346,ICC,Ex-post,
ICR-ESP-34-5-1-A-0-2022,Substitution of fossil fuels for the use of sustainable biofuels manufactured by Iniciativas Bioener,5,1,2022,,0,ICC,Ex-post,
ICR-ESP-34-5-1-A-0-2022,Substitution of fossil fuels for the use of sustainable biofuels manufactured by Iniciativas Bioener,5,1,2022,,1257,ICC,Ex-post,
ICR-ESP-34-5-1-A-0-2022,Substitution of fossil fuels for the use of sustainable biofuels manufactured by Iniciativas Bioener,5,1,2022,,11313,ICC,Ex-post,
ICR-ESP-34-7-1-A-0-2020,Substitution of fossil fuels for the use of sustainable biofuels manufactured by Biotrading 2007 S.L ,7,1,2020,,0,ICC,Ex-post,
ICR-ESP-34-7-1-A-0-2020,Substitution of fossil fuels for the use of sustainable biofuels manufactured by Biotrading 2007 S.L ,7,1,2020,,0,ICC,Ex-post,
ICR-ESP-34-7-1-A-0-2020,Substitution of fossil fuels for the use of sustainable biofuels manufactured by Biotrading 2007 S.L ,7,1,2020,,25357,ICC,Ex-post,
ICR-ESP-34-7-1-A-0-2020,Substitution of fossil fuels for the use of sustainable biofuels manufactured by Biotrading 2007 S.L ,7,1,2020,,2717,ICC,Ex-post,
ICR-ESP-34-7-1-A-0-2021,Substitution of fossil fuels for the use of sustainable biofuels manufactured by Biotrading 2007 S.L ,7,1,2021,,0,ICC,Ex-post,
ICR-ESP-34-7-1-A-0-2021,Substitution of fossil fuels for the use of sustainable biofuels manufactured by Biotrading 2007 S.L ,7,1,2021,,0,ICC,Ex-post,
ICR-ESP-34-7-1-A-0-2021,Substitution of fossil fuels for the use of sustainable biofuels manufactured by Biotrading 2007 S.L ,7,1,2021,,25935,ICC,Ex-post,
ICR-ESP-34-7-1-A-0-2021,Substitution of fossil fuels for the use of sustainable biofuels manufactured by Biotrading 2007 S.L ,7,1,2021,,0,ICC,Ex-post,
ICR-ESP-34-7-1-A-0-2021,Substitution of fossil fuels for the use of sustainable biofuels manufactured by Biotrading 2007 S.L ,7,1,2021,,2862,ICC,Ex-post,
ICR-ESP-34-7-1-A-0-2022,Substitution of fossil fuels for the use of sustainable biofuels manufactured by Biotrading 2007 S.L ,7,1,2022,,0,ICC,Ex-post,
ICR-ESP-34-7-1-A-0-2022,Substitution of fossil fuels for the use of sustainable biofuels manufactured by Biotrading 2007 S.L ,7,1,2022,,0,ICC,Ex-post,
ICR-ESP-34-7-1-A-0-2022,Substitution of fossil fuels for the use of sustainable biofuels manufactured by Biotrading 2007 S.L ,7,1,2022,,23549,ICC,Ex-post,
ICR-ESP-34-7-1-A-0-2022,Substitution of fossil fuels for the use of sustainable biofuels manufactured by Biotrading 2007 S.L ,7,1,2022,,2610,ICC,Ex-post,
ICR-ESP-34-7-1-A-0-2022,Substitution of fossil fuels for the use of sustainable biofuels manufactured by Biotrading 2007 S.L ,7,1,2022,,0,ICC,Ex-post,
ICR-ESP-34-15-1-A-0-2020,Substitution of fossil fuels for the use of sustainable biofuels manufactured by Gunvor Biodiesel Be,15,1,2020,,0,ICC,Ex-post,
ICR-ESP-34-15-1-A-0-2020,Substitution of fossil fuels for the use of sustainable biofuels manufactured by Gunvor Biodiesel Be,15,1,2020,,0,ICC,Ex-post,
ICR-ESP-34-15-1-A-0-2020,Substitution of fossil fuels for the use of sustainable biofuels manufactured by Gunvor Biodiesel Be,15,1,2020,,0,ICC,Ex-post,
ICR-ESP-34-15-1-A-0-2020,Substitution of fossil fuels for the use of sustainable biofuels manufactured by Gunvor Biodiesel Be,15,1,2020,,0,ICC,Ex-post,
FCC-ISL-354-17-14-R-0-2027,Arnaldsstaðir,17,14,2027,,1,FCC,Ex-ante,
FCC-ISL-354-17-14-R-0-2027,Arnaldsstaðir,17,14,2027,,1,FCC,Ex-ante,
FCC-ISL-354-17-14-R-0-2027,Arnaldsstaðir,17,14,2027,,80,FCC,Ex-ante,
FCC-ISL-354-17-14-R-0-2027,Arnaldsstaðir,17,14,2027,,10,FCC,Ex-ante,
FCC-ISL-354-17-14-R-0-2027,Arnaldsstaðir,17,14,2027,,1,FCC,Ex-ante,
FCC-ISL-354-17-14-R-0-2027,Arnaldsstaðir,17,14,2027,,0,FCC,Ex-ante,
FCC-ISL-354-17-14-R-0-2027,Arnaldsstaðir,17,14,2027,,2,FCC,Ex-ante,
FCC-ISL-354-17-14-R-0-2027,Arnaldsstaðir,17,14,2027,,8,FCC,Ex-ante,
FCC-ISL-354-17-14-R-0-2027,Arnaldsstaðir,17,14,2027,,1,FCC,Ex-ante,
FCC-ISL-354-17-14-R-0-2027,Arnaldsstaðir,17,14,2027,,1,FCC,Ex-ante,
FCC-ISL-354-17-14-R-0-2028,Arnaldsstaðir,17,14,2028,,1,FCC,Ex-ante,
FCC-ISL-354-17-14-R-0-2028,Arnaldsstaðir,17,14,2028,,1,FCC,Ex-ante,
FCC-ISL-354-17-14-R-0-2028,Arnaldsstaðir,17,14,2028,,91,FCC,Ex-ante,
FCC-ISL-354-17-14-R-0-2028,Arnaldsstaðir,17,14,2028,,11,FCC,Ex-ante,
FCC-ISL-354-17-14-R-0-2028,Arnaldsstaðir,17,14,2028,,1,FCC,Ex-ante,
FCC-ISL-354-17-14-R-0-2028,Arnaldsstaðir,17,14,2028,,3,FCC,Ex-ante,
FCC-ISL-354-17-14-R-0-2028,Arnaldsstaðir,17,14,2028,,9,FCC,Ex-ante,
FCC-ISL-354-17-14-R-0-2028,Arnaldsstaðir,17,14,2028,,1,FCC,Ex-ante,
FCC-ISL-354-17-14-R-0-2028,Arnaldsstaðir,17,14,2028,,1,FCC,Ex-ante,
FCC-ISL-354-17-14-R-0-2029,Arnaldsstaðir,17,14,2029,,2,FCC,Ex-ante,
FCC-ISL-354-17-14-R-0-2029,Arnaldsstaðir,17,14,2029,,1,FCC,Ex-ante,
FCC-ISL-354-17-14-R-0-2029,Arnaldsstaðir,17,14,2029,,99,FCC,Ex-ante,
FCC-ISL-354-17-14-R-0-2029,Arnaldsstaðir,17,14,2029,,13,FCC,Ex-ante,
FCC-ISL-354-17-14-R-0-2029,Arnaldsstaðir,17,14,2029,,2,FCC,Ex-ante,
FCC-ISL-354-17-14-R-0-2029,Arnaldsstaðir,17,14,2029,,1,FCC,Ex-ante,
FCC-ISL-354-17-14-R-0-2029,Arnaldsstaðir,17,14,2029,,3,FCC,Ex-ante,
FCC-ISL-354-17-14-R-0-2029,Arnaldsstaðir,17,14,2029,,10,FCC,Ex-ante,
FCC-ISL-354-17-14-R-0-2029,Arnaldsstaðir,17,14,2029,,1,FCC,Ex-ante,
FCC-ISL-354-17-14-R-0-2029,Arnaldsstaðir,17,14,2029,,2,FCC,Ex-ante,
FCC-ISL-354-17-14-R-0-2030,Arnaldsstaðir,17,14,2030,,2,FCC,Ex-ante,
FCC-ISL-354-17-14-R-0-2030,Arnaldsstaðir,17,14,2030,,1,FCC,Ex-ante,
FCC-ISL-354-17-14-R-0-2030,Arnaldsstaðir,17,14,2030,,114,FCC,Ex-ante,
FCC-ISL-354-17-14-R-0-2030,Arnaldsstaðir,17,14,2030,,14,FCC,Ex-ante,
FCC-ISL-354-17-14-R-0-2030,Arnaldsstaðir,17,14,2030,,2,FCC,Ex-ante,
FCC-ISL-354-17-14-R-0-2030,Arnaldsstaðir,17,14,2030,,1,FCC,Ex-ante,
FCC-ISL-354-17-14-R-0-2030,Arnaldsstaðir,17,14,2030,,3,FCC,Ex-ante,
FCC-ISL-354-17-14-R-0-2030,Arnaldsstaðir,17,14,2030,,12,FCC,Ex-ante,
FCC-ISL-354-17-14-R-0-2030,Arnaldsstaðir,17,14,2030,,2,FCC,Ex-ante,
FCC-ISL-354-17-14-R-0-2030,Arnaldsstaðir,17,14,2030,,2,FCC,Ex-ante,
FCC-ISL-354-17-14-R-0-2031,Arnaldsstaðir,17,14,2031,,2,FCC,Ex-ante,
FCC-ISL-354-17-14-R-0-2031,Arnaldsstaðir,17,14,2031,,1,FCC,Ex-ante,
FCC-ISL-354-17-14-R-0-2031,Arnaldsstaðir,17,14,2031,,131,FCC,Ex-ante,
FCC-ISL-354-17-14-R-0-2031,Arnaldsstaðir,17,14,2031,,16,FCC,Ex-ante,
FCC-ISL-354-17-14-R-0-2031,Arnaldsstaðir,17,14,2031,,2,FCC,Ex-ante,
FCC-ISL-354-17-14-R-0-2031,Arnaldsstaðir,17,14,2031,,1,FCC,Ex-ante,
FCC-ISL-354-17-14-R-0-2031,Arnaldsstaðir,17,14,2031,,4,FCC,Ex-ante,
FCC-ISL-354-17-14-R-0-2031,Arnaldsstaðir,17,14,2031,,13,FCC,Ex-ante,
FCC-ISL-354-17-14-R-0-2031,Arnaldsstaðir,17,14,2031,,2,FCC,Ex-ante,
FCC-ISL-354-17-14-R-0-2031,Arnaldsstaðir,17,14,2031,,2,FCC,Ex-ante,
FCC-ISL-354-17-14-R-0-2032,Arnaldsstaðir,17,14,2032,,2,FCC,Ex-ante,
FCC-ISL-354-17-14-R-0-2032,Arnaldsstaðir,17,14,2032,,2,FCC,Ex-ante,
FCC-ISL-354-17-14-R-0-2032,Arnaldsstaðir,17,14,2032,,148,FCC,Ex-ante,
FCC-ISL-354-17-14-R-0-2032,Arnaldsstaðir,17,14,2032,,19,FCC,Ex-ante,
FCC-ISL-354-17-14-R-0-2032,Arnaldsstaðir,17,14,2032,,2,FCC,Ex-ante,
FCC-ISL-354-17-14-R-0-2032,Arnaldsstaðir,17,14,2032,,1,FCC,Ex-ante,
FCC-ISL-354-17-14-R-0-2032,Arnaldsstaðir,17,14,2032,,5,FCC,Ex-ante,
FCC-ISL-354-17-14-R-0-2032,Arnaldsstaðir,17,14,2032,,15,FCC,Ex-ante,
FCC-ISL-354-17-14-R-0-2032,Arnaldsstaðir,17,14,2032,,2,FCC,Ex-ante,
FCC-ISL-354-17-14-R-0-2032,Arnaldsstaðir,17,14,2032,,3,FCC,Ex-ante,
FCC-ISL-354-17-14-R-0-2033,Arnaldsstaðir,17,14,2033,,3,FCC,Ex-ante,
FCC-ISL-354-17-14-R-0-2033,Arnaldsstaðir,17,14,2033,,2,FCC,Ex-ante,
FCC-ISL-354-17-14-R-0-2033,Arnaldsstaðir,17,14,2033,,170,FCC,Ex-ante,
FCC-ISL-354-17-14-R-0-2033,Arnaldsstaðir,17,14,2033,,21,FCC,Ex-ante,
FCC-ISL-354-17-14-R-0-2033,Arnaldsstaðir,17,14,2033,,3,FCC,Ex-ante,
FCC-ISL-354-17-14-R-0-2033,Arnaldsstaðir,17,14,2033,,1,FCC,Ex-ante,
FCC-ISL-354-17-14-R-0-2033,Arnaldsstaðir,17,14,2033,,5,FCC,Ex-ante,
FCC-ISL-354-17-14-R-0-2033,Arnaldsstaðir,17,14,2033,,17,FCC,Ex-ante,
FCC-ISL-354-17-14-R-0-2033,Arnaldsstaðir,17,14,2033,,2,FCC,Ex-ante,
FCC-ISL-354-17-14-R-0-2033,Arnaldsstaðir,17,14,2033,,3,FCC,Ex-ante,
FCC-ISL-354-17-14-R-0-2034,Arnaldsstaðir,17,14,2034,,3,FCC,Ex-ante,
FCC-ISL-354-17-14-R-0-2034,Arnaldsstaðir,17,14,2034,,2,FCC,Ex-ante,
FCC-ISL-354-17-14-R-0-2034,Arnaldsstaðir,17,14,2034,,194,FCC,Ex-ante,
FCC-ISL-354-17-14-R-0-2034,Arnaldsstaðir,17,14,2034,,24,FCC,Ex-ante,
FCC-ISL-354-17-14-R-0-2034,Arnaldsstaðir,17,14,2034,,3,FCC,Ex-ante,
FCC-ISL-354-17-14-R-0-2034,Arnaldsstaðir,17,14,2034,,1,FCC,Ex-ante,
FCC-ISL-354-17-14-R-0-2034,Arnaldsstaðir,17,14,2034,,6,FCC,Ex-ante,
FCC-ISL-354-17-14-R-0-2034,Arnaldsstaðir,17,14,2034,,20,FCC,Ex-ante,
FCC-ISL-354-17-14-R-0-2034,Arnaldsstaðir,17,14,2034,,3,FCC,Ex-ante,
FCC-ISL-354-17-14-R-0-2034,Arnaldsstaðir,17,14,2034,,3,FCC,Ex-ante,
FCC-ISL-354-17-14-R-0-2035,Arnaldsstaðir,17,14,2035,,3,FCC,Ex-ante,
FCC-ISL-354-17-14-R-0-2035,Arnaldsstaðir,17,14,2035,,2,FCC,Ex-ante,
FCC-ISL-354-17-14-R-0-2035,Arnaldsstaðir,17,14,2035,,220,FCC,Ex-ante,
FCC-ISL-354-17-14-R-0-2035,Arnaldsstaðir,17,14,2035,,28,FCC,Ex-ante,
FCC-ISL-354-17-14-R-0-2035,Arnaldsstaðir,17,14,2035,,4,FCC,Ex-ante,
FCC-ISL-354-17-14-R-0-2035,Arnaldsstaðir,17,14,2035,,1,FCC,Ex-ante,
FCC-ISL-354-17-14-R-0-2035,Arnaldsstaðir,17,14,2035,,7,FCC,Ex-ante,
FCC-ISL-354-17-14-R-0-2035,Arnaldsstaðir,17,14,2035,,22,FCC,Ex-ante,
FCC-ISL-354-17-14-R-0-2035,Arnaldsstaðir,17,14,2035,,3,FCC,Ex-ante,
FCC-ISL-354-17-14-R-0-2035,Arnaldsstaðir,17,14,2035,,3,FCC,Ex-ante,
FCC-ISL-354-17-14-R-0-2036,Arnaldsstaðir,17,14,2036,,4,FCC,Ex-ante,
FCC-ISL-354-17-14-R-0-2036,Arnaldsstaðir,17,14,2036,,3,FCC,Ex-ante,
FCC-ISL-354-17-14-R-0-2036,Arnaldsstaðir,17,14,2036,,249,FCC,Ex-ante,
FCC-ISL-354-17-14-R-0-2036,Arnaldsstaðir,17,14,2036,,31,FCC,Ex-ante,
FCC-ISL-354-17-14-R-0-2036,Arnaldsstaðir,17,14,2036,,4,FCC,Ex-ante,
FCC-ISL-354-17-14-R-0-2036,Arnaldsstaðir,17,14,2036,,1,FCC,Ex-ante,
FCC-ISL-354-17-14-R-0-2036,Arnaldsstaðir,17,14,2036,,7,FCC,Ex-ante,
FCC-ISL-354-17-14-R-0-2036,Arnaldsstaðir,17,14,2036,,25,FCC,Ex-ante,
FCC-ISL-354-17-14-R-0-2036,Arnaldsstaðir,17,14,2036,,3,FCC,Ex-ante,
FCC-ISL-354-17-14-R-0-2036,Arnaldsstaðir,17,14,2036,,3,FCC,Ex-ante,
FCC-ISL-354-17-14-R-0-2037,Arnaldsstaðir,17,14,2037,,4,FCC,Ex-ante,
FCC-ISL-354-17-14-R-0-2037,Arnaldsstaðir,17,14,2037,,3,FCC,Ex-ante,
FCC-ISL-354-17-14-R-0-2037,Arnaldsstaðir,17,14,2037,,276,FCC,Ex-ante,
FCC-ISL-354-17-14-R-0-2037,Arnaldsstaðir,17,14,2037,,35,FCC,Ex-ante,
FCC-ISL-354-17-14-R-0-2037,Arnaldsstaðir,17,14,2037,,5,FCC,Ex-ante,
FCC-ISL-354-17-14-R-0-2037,Arnaldsstaðir,17,14,2037,,1,FCC,Ex-ante,
FCC-ISL-354-17-14-R-0-2037,Arnaldsstaðir,17,14,2037,,8,FCC,Ex-ante,
FCC-ISL-354-17-14-R-0-2037,Arnaldsstaðir,17,14,2037,,28,FCC,Ex-ante,
FCC-ISL-354-17-14-R-0-2037,Arnaldsstaðir,17,14,2037,,4,FCC,Ex-ante,
FCC-ISL-354-17-14-R-0-2037,Arnaldsstaðir,17,14,2037,,4,FCC,Ex-ante,
FCC-ISL-354-17-14-R-0-2038,Arnaldsstaðir,17,14,2038,,5,FCC,Ex-ante,
FCC-ISL-354-17-14-R-0-2038,Arnaldsstaðir,17,14,2038,,3,FCC,Ex-ante,
FCC-ISL-354-17-14-R-0-2038,Arnaldsstaðir,17,14,2038,,304,FCC,Ex-ante,
FCC-ISL-354-17-14-R-0-2038,Arnaldsstaðir,17,14,2038,,38,FCC,Ex-ante,
FCC-ISL-354-17-14-R-0-2038,Arnaldsstaðir,17,14,2038,,5,FCC,Ex-ante,
FCC-ISL-354-17-14-R-0-2038,Arnaldsstaðir,17,14,2038,,2,FCC,Ex-ante,
FCC-ISL-354-17-14-R-0-2038,Arnaldsstaðir,17,14,2038,,9,FCC,Ex-ante,
FCC-ISL-354-17-14-R-0-2038,Arnaldsstaðir,17,14,2038,,31,FCC,Ex-ante,
FCC-ISL-354-17-14-R-0-2038,Arnaldsstaðir,17,14,2038,,4,FCC,Ex-ante,
FCC-ISL-354-17-14-R-0-2038,Arnaldsstaðir,17,14,2038,,5,FCC,Ex-ante,
FCC-ISL-354-17-14-R-0-2039,Arnaldsstaðir,17,14,2039,,5,FCC,Ex-ante,
FCC-ISL-354-17-14-R-0-2039,Arnaldsstaðir,17,14,2039,,3,FCC,Ex-ante,
FCC-ISL-354-17-14-R-0-2039,Arnaldsstaðir,17,14,2039,,334,FCC,Ex-ante,
FCC-ISL-354-17-14-R-0-2039,Arnaldsstaðir,17,14,2039,,42,FCC,Ex-ante,
FCC-ISL-354-17-14-R-0-2039,Arnaldsstaðir,17,14,2039,,5,FCC,Ex-ante,
FCC-ISL-354-17-14-R-0-2039,Arnaldsstaðir,17,14,2039,,2,FCC,Ex-ante,
FCC-ISL-354-17-14-R-0-2039,Arnaldsstaðir,17,14,2039,,10,FCC,Ex-ante,
FCC-ISL-354-17-14-R-0-2039,Arnaldsstaðir,17,14,2039,,33,FCC,Ex-ante,
FCC-ISL-354-17-14-R-0-2039,Arnaldsstaðir,17,14,2039,,4,FCC,Ex-ante,
FCC-ISL-354-17-14-R-0-2039,Arnaldsstaðir,17,14,2039,,5,FCC,Ex-ante,
FCC-ISL-354-17-14-R-0-2040,Arnaldsstaðir,17,14,2040,,5,FCC,Ex-ante,
FCC-ISL-354-17-14-R-0-2040,Arnaldsstaðir,17,14,2040,,4,FCC,Ex-ante,
FCC-ISL-354-17-14-R-0-2040,Arnaldsstaðir,17,14,2040,,356,FCC,Ex-ante,
FCC-ISL-354-17-14-R-0-2040,Arnaldsstaðir,17,14,2040,,45,FCC,Ex-ante,
FCC-ISL-354-17-14-R-0-2040,Arnaldsstaðir,17,14,2040,,6,FCC,Ex-ante,
FCC-ISL-354-17-14-R-0-2040,Arnaldsstaðir,17,14,2040,,2,FCC,Ex-ante,
FCC-ISL-354-17-14-R-0-2040,Arnaldsstaðir,17,14,2040,,11,FCC,Ex-ante,
FCC-ISL-354-17-14-R-0-2040,Arnaldsstaðir,17,14,2040,,36,FCC,Ex-ante,
FCC-ISL-354-17-14-R-0-2040,Arnaldsstaðir,17,14,2040,,5,FCC,Ex-ante,
FCC-ISL-354-17-14-R-0-2040,Arnaldsstaðir,17,14,2040,,6,FCC,Ex-ante,
FCC-ISL-354-17-14-R-0-2041,Arnaldsstaðir,17,14,2041,,6,FCC,Ex-ante,
FCC-ISL-354-17-14-R-0-2041,Arnaldsstaðir,17,14,2041,,4,FCC,Ex-ante,
FCC-ISL-354-17-14-R-0-2041,Arnaldsstaðir,17,14,2041,,378,FCC,Ex-ante,
FCC-ISL-354-17-14-R-0-2041,Arnaldsstaðir,17,14,2041,,48,FCC,Ex-ante,
FCC-ISL-354-17-14-R-0-2041,Arnaldsstaðir,17,14,2041,,6,FCC,Ex-ante,
FCC-ISL-354-17-14-R-0-2041,Arnaldsstaðir,17,14,2041,,2,FCC,Ex-ante,
FCC-ISL-354-17-14-R-0-2041,Arnaldsstaðir,17,14,2041,,11,FCC,Ex-ante,
FCC-ISL-354-17-14-R-0-2041,Arnaldsstaðir,17,14,2041,,38,FCC,Ex-ante,
FCC-ISL-354-17-14-R-0-2041,Arnaldsstaðir,17,14,2041,,5,FCC,Ex-ante,
FCC-ISL-354-17-14-R-0-2041,Arnaldsstaðir,17,14,2041,,6,FCC,Ex-ante,
FCC-ISL-354-17-14-R-0-2042,Arnaldsstaðir,17,14,2042,,6,FCC,Ex-ante,
FCC-ISL-354-17-14-R-0-2042,Arnaldsstaðir,17,14,2042,,4,FCC,Ex-ante,
FCC-ISL-354-17-14-R-0-2042,Arnaldsstaðir,17,14,2042,,393,FCC,Ex-ante,
FCC-ISL-354-17-14-R-0-2042,Arnaldsstaðir,17,14,2042,,50,FCC,Ex-ante,
FCC-ISL-354-17-14-R-0-2042,Arnaldsstaðir,17,14,2042,,7,FCC,Ex-ante,
FCC-ISL-354-17-14-R-0-2042,Arnaldsstaðir,17,14,2042,,2,FCC,Ex-ante,
FCC-ISL-354-17-14-R-0-2042,Arnaldsstaðir,17,14,2042,,12,FCC,Ex-ante,
FCC-ISL-354-17-14-R-0-2042,Arnaldsstaðir,17,14,2042,,40,FCC,Ex-ante,
FCC-ISL-354-17-14-R-0-2042,Arnaldsstaðir,17,14,2042,,5,FCC,Ex-ante,
FCC-ISL-354-17-14-R-0-2042,Arnaldsstaðir,17,14,2042,,6,FCC,Ex-ante,
FCC-ISL-354-17-14-R-0-2043,Arnaldsstaðir,17,14,2043,,6,FCC,Ex-ante,
FCC-ISL-354-17-14-R-0-2043,Arnaldsstaðir,17,14,2043,,4,FCC,Ex-ante,
FCC-ISL-354-17-14-R-0-2043,Arnaldsstaðir,17,14,2043,,404,FCC,Ex-ante,
FCC-ISL-354-17-14-R-0-2043,Arnaldsstaðir,17,14,2043,,51,FCC,Ex-ante,
FCC-ISL-354-17-14-R-0-2043,Arnaldsstaðir,17,14,2043,,7,FCC,Ex-ante,
FCC-ISL-354-17-14-R-0-2043,Arnaldsstaðir,17,14,2043,,2,FCC,Ex-ante,
FCC-ISL-354-17-14-R-0-2043,Arnaldsstaðir,17,14,2043,,12,FCC,Ex-ante,
FCC-ISL-354-17-14-R-0-2043,Arnaldsstaðir,17,14,2043,,41,FCC,Ex-ante,
FCC-ISL-354-17-14-R-0-2043,Arnaldsstaðir,17,14,2043,,5,FCC,Ex-ante,
FCC-ISL-354-17-14-R-0-2043,Arnaldsstaðir,17,14,2043,,6,FCC,Ex-ante,
FCC-ISL-354-17-14-R-0-2044,Arnaldsstaðir,17,14,2044,,6,FCC,Ex-ante,
FCC-ISL-354-17-14-R-0-2044,Arnaldsstaðir,17,14,2044,,4,FCC,Ex-ante,
FCC-ISL-354-17-14-R-0-2044,Arnaldsstaðir,17,14,2044,,407,FCC,Ex-ante,
FCC-ISL-354-17-14-R-0-2044,Arnaldsstaðir,17,14,2044,,51,FCC,Ex-ante,
FCC-ISL-354-17-14-R-0-2044,Arnaldsstaðir,17,14,2044,,7,FCC,Ex-ante,
FCC-ISL-354-17-14-R-0-2044,Arnaldsstaðir,17,14,2044,,2,FCC,Ex-ante,
FCC-ISL-354-17-14-R-0-2044,Arnaldsstaðir,17,14,2044,,12,FCC,Ex-ante,
FCC-ISL-354-17-14-R-0-2044,Arnaldsstaðir,17,14,2044,,41,FCC,Ex-ante,
FCC-ISL-354-17-14-R-0-2044,Arnaldsstaðir,17,14,2044,,5,FCC,Ex-ante,
FCC-ISL-354-17-14-R-0-2044,Arnaldsstaðir,17,14,2044,,6,FCC,Ex-ante,
FCC-ISL-354-17-14-R-0-2045,Arnaldsstaðir,17,14,2045,,6,FCC,Ex-ante,
FCC-ISL-354-17-14-R-0-2045,Arnaldsstaðir,17,14,2045,,4,FCC,Ex-ante,
FCC-ISL-354-17-14-R-0-2045,Arnaldsstaðir,17,14,2045,,403,FCC,Ex-ante,
FCC-ISL-354-17-14-R-0-2045,Arnaldsstaðir,17,14,2045,,51,FCC,Ex-ante,
FCC-ISL-354-17-14-R-0-2045,Arnaldsstaðir,17,14,2045,,7,FCC,Ex-ante,
FCC-ISL-354-17-14-R-0-2045,Arnaldsstaðir,17,14,2045,,2,FCC,Ex-ante,
FCC-ISL-354-17-14-R-0-2045,Arnaldsstaðir,17,14,2045,,12,FCC,Ex-ante,
FCC-ISL-354-17-14-R-0-2045,Arnaldsstaðir,17,14,2045,,41,FCC,Ex-ante,
FCC-ISL-354-17-14-R-0-2045,Arnaldsstaðir,17,14,2045,,5,FCC,Ex-ante,
FCC-ISL-354-17-14-R-0-2045,Arnaldsstaðir,17,14,2045,,6,FCC,Ex-ante,
FCC-ISL-354-17-14-R-0-2046,Arnaldsstaðir,17,14,2046,,6,FCC,Ex-ante,
FCC-ISL-354-17-14-R-0-2046,Arnaldsstaðir,17,14,2046,,4,FCC,Ex-ante,
FCC-ISL-354-17-14-R-0-2046,Arnaldsstaðir,17,14,2046,,393,FCC,Ex-ante,
FCC-ISL-354-17-14-R-0-2046,Arnaldsstaðir,17,14,2046,,50,FCC,Ex-ante,
FCC-ISL-354-17-14-R-0-2046,Arnaldsstaðir,17,14,2046,,6,FCC,Ex-ante,
FCC-ISL-354-17-14-R-0-2046,Arnaldsstaðir,17,14,2046,,2,FCC,Ex-ante,
FCC-ISL-354-17-14-R-0-2046,Arnaldsstaðir,17,14,2046,,12,FCC,Ex-ante,
FCC-ISL-354-17-14-R-0-2046,Arnaldsstaðir,17,14,2046,,40,FCC,Ex-ante,
FCC-ISL-354-17-14-R-0-2046,Arnaldsstaðir,17,14,2046,,5,FCC,Ex-ante,
FCC-ISL-354-17-14-R-0-2046,Arnaldsstaðir,17,14,2046,,6,FCC,Ex-ante,
FCC-ISL-354-17-14-R-0-2047,Arnaldsstaðir,17,14,2047,,6,FCC,Ex-ante,
FCC-ISL-354-17-14-R-0-2047,Arnaldsstaðir,17,14,2047,,4,FCC,Ex-ante,
FCC-ISL-354-17-14-R-0-2047,Arnaldsstaðir,17,14,2047,,380,FCC,Ex-ante,
FCC-ISL-354-17-14-R-0-2047,Arnaldsstaðir,17,14,2047,,48,FCC,Ex-ante,
FCC-ISL-354-17-14-R-0-2047,Arnaldsstaðir,17,14,2047,,6,FCC,Ex-ante,
FCC-ISL-354-17-14-R-0-2047,Arnaldsstaðir,17,14,2047,,2,FCC,Ex-ante,
FCC-ISL-354-17-14-R-0-2047,Arnaldsstaðir,17,14,2047,,11,FCC,Ex-ante,
FCC-ISL-354-17-14-R-0-2047,Arnaldsstaðir,17,14,2047,,38,FCC,Ex-ante,
FCC-ISL-354-17-14-R-0-2047,Arnaldsstaðir,17,14,2047,,5,FCC,Ex-ante,
FCC-ISL-354-17-14-R-0-2047,Arnaldsstaðir,17,14,2047,,6,FCC,Ex-ante,
FCC-ISL-354-17-14-R-0-2048,Arnaldsstaðir,17,14,2048,,5,FCC,Ex-ante,
FCC-ISL-354-17-14-R-0-2048,Arnaldsstaðir,17,14,2048,,4,FCC,Ex-ante,
FCC-ISL-354-17-14-R-0-2048,Arnaldsstaðir,17,14,2048,,362,FCC,Ex-ante,
FCC-ISL-354-17-14-R-0-2048,Arnaldsstaðir,17,14,2048,,46,FCC,Ex-ante,
FCC-ISL-354-17-14-R-0-2048,Arnaldsstaðir,17,14,2048,,6,FCC,Ex-ante,
FCC-ISL-354-17-14-R-0-2048,Arnaldsstaðir,17,14,2048,,2,FCC,Ex-ante,
FCC-ISL-354-17-14-R-0-2048,Arnaldsstaðir,17,14,2048,,11,FCC,Ex-ante,
FCC-ISL-354-17-14-R-0-2048,Arnaldsstaðir,17,14,2048,,36,FCC,Ex-ante,
FCC-ISL-354-17-14-R-0-2048,Arnaldsstaðir,17,14,2048,,5,FCC,Ex-ante,
FCC-ISL-354-17-14-R-0-2048,Arnaldsstaðir,17,14,2048,,6,FCC,Ex-ante,
FCC-ISL-354-17-14-R-0-2049,Arnaldsstaðir,17,14,2049,,5,FCC,Ex-ante,
FCC-ISL-354-17-14-R-0-2049,Arnaldsstaðir,17,14,2049,,4,FCC,Ex-ante,
FCC-ISL-354-17-14-R-0-2049,Arnaldsstaðir,17,14,2049,,342,FCC,Ex-ante,
FCC-ISL-354-17-14-R-0-2049,Arnaldsstaðir,17,14,2049,,43,FCC,Ex-ante,
FCC-ISL-354-17-14-R-0-2049,Arnaldsstaðir,17,14,2049,,6,FCC,Ex-ante,
FCC-ISL-354-17-14-R-0-2049,Arnaldsstaðir,17,14,2049,,2,FCC,Ex-ante,
FCC-ISL-354-17-14-R-0-2049,Arnaldsstaðir,17,14,2049,,10,FCC,Ex-ante,
FCC-ISL-354-17-14-R-0-2049,Arnaldsstaðir,17,14,2049,,34,FCC,Ex-ante,
FCC-ISL-354-17-14-R-0-2049,Arnaldsstaðir,17,14,2049,,5,FCC,Ex-ante,
FCC-ISL-354-17-14-R-0-2049,Arnaldsstaðir,17,14,2049,,5,FCC,Ex-ante,
FCC-ISL-354-17-14-R-0-2050,Arnaldsstaðir,17,14,2050,,5,FCC,Ex-ante,
FCC-ISL-354-17-14-R-0-2050,Arnaldsstaðir,17,14,2050,,3,FCC,Ex-ante,
FCC-ISL-354-17-14-R-0-2050,Arnaldsstaðir,17,14,2050,,323,FCC,Ex-ante,
FCC-ISL-354-17-14-R-0-2050,Arnaldsstaðir,17,14,2050,,40,FCC,Ex-ante,
FCC-ISL-354-17-14-R-0-2050,Arnaldsstaðir,17,14,2050,,5,FCC,Ex-ante,
FCC-ISL-354-17-14-R-0-2050,Arnaldsstaðir,17,14,2050,,2,FCC,Ex-ante,
FCC-ISL-354-17-14-R-0-2050,Arnaldsstaðir,17,14,2050,,10,FCC,Ex-ante,
FCC-ISL-354-17-14-R-0-2050,Arnaldsstaðir,17,14,2050,,32,FCC,Ex-ante,
FCC-ISL-354-17-14-R-0-2050,Arnaldsstaðir,17,14,2050,,4,FCC,Ex-ante,
FCC-ISL-354-17-14-R-0-2050,Arnaldsstaðir,17,14,2050,,5,FCC,Ex-ante,
FCC-ISL-354-17-14-R-0-2051,Arnaldsstaðir,17,14,2051,,5,FCC,Ex-ante,
FCC-ISL-354-17-14-R-0-2051,Arnaldsstaðir,17,14,2051,,3,FCC,Ex-ante,
FCC-ISL-354-17-14-R-0-2051,Arnaldsstaðir,17,14,2051,,269,FCC,Ex-ante,
FCC-ISL-354-17-14-R-0-2051,Arnaldsstaðir,17,14,2051,,38,FCC,Ex-ante,
FCC-ISL-354-17-14-R-0-2051,Arnaldsstaðir,17,14,2051,,5,FCC,Ex-ante,
FCC-ISL-354-17-14-R-0-2051,Arnaldsstaðir,17,14,2051,,2,FCC,Ex-ante,
FCC-ISL-354-17-14-R-0-2051,Arnaldsstaðir,17,14,2051,,9,FCC,Ex-ante,
FCC-ISL-354-17-14-R-0-2051,Arnaldsstaðir,17,14,2051,,60,FCC,Ex-ante,
FCC-ISL-354-17-14-R-0-2051,Arnaldsstaðir,17,14,2051,,4,FCC,Ex-ante,
FCC-ISL-354-17-14-R-0-2051,Arnaldsstaðir,17,14,2051,,5,FCC,Ex-ante,
FCC-ISL-354-17-14-R-0-2052,Arnaldsstaðir,17,14,2052,,4,FCC,Ex-ante,
FCC-ISL-354-17-14-R-0-2052,Arnaldsstaðir,17,14,2052,,3,FCC,Ex-ante,
FCC-ISL-354-17-14-R-0-2052,Arnaldsstaðir,17,14,2052,,280,FCC,Ex-ante,
FCC-ISL-354-17-14-R-0-2052,Arnaldsstaðir,17,14,2052,,35,FCC,Ex-ante,
FCC-ISL-354-17-14-R-0-2052,Arnaldsstaðir,17,14,2052,,5,FCC,Ex-ante,
FCC-ISL-354-17-14-R-0-2052,Arnaldsstaðir,17,14,2052,,1,FCC,Ex-ante,
FCC-ISL-354-17-14-R-0-2052,Arnaldsstaðir,17,14,2052,,8,FCC,Ex-ante,
FCC-ISL-354-17-14-R-0-2052,Arnaldsstaðir,17,14,2052,,28,FCC,Ex-ante,
FCC-ISL-354-17-14-R-0-2052,Arnaldsstaðir,17,14,2052,,4,FCC,Ex-ante,
FCC-ISL-354-17-14-R-0-2052,Arnaldsstaðir,17,14,2052,,4,FCC,Ex-ante,
FCC-ISL-354-17-14-R-0-2053,Arnaldsstaðir,17,14,2053,,4,FCC,Ex-ante,
FCC-ISL-354-17-14-R-0-2053,Arnaldsstaðir,17,14,2053,,3,FCC,Ex-ante,
FCC-ISL-354-17-14-R-0-2053,Arnaldsstaðir,17,14,2053,,259,FCC,Ex-ante,
FCC-ISL-354-17-14-R-0-2053,Arnaldsstaðir,17,14,2053,,33,FCC,Ex-ante,
FCC-ISL-354-17-14-R-0-2053,Arnaldsstaðir,17,14,2053,,4,FCC,Ex-ante,
FCC-ISL-354-17-14-R-0-2053,Arnaldsstaðir,17,14,2053,,1,FCC,Ex-ante,
FCC-ISL-354-17-14-R-0-2053,Arnaldsstaðir,17,14,2053,,8,FCC,Ex-ante,
FCC-ISL-354-17-14-R-0-2053,Arnaldsstaðir,17,14,2053,,26,FCC,Ex-ante,
FCC-ISL-354-17-14-R-0-2053,Arnaldsstaðir,17,14,2053,,4,FCC,Ex-ante,
FCC-ISL-354-17-14-R-0-2053,Arnaldsstaðir,17,14,2053,,4,FCC,Ex-ante,
FCC-ISL-354-17-14-R-0-2054,Arnaldsstaðir,17,14,2054,,4,FCC,Ex-ante,
FCC-ISL-354-17-14-R-0-2054,Arnaldsstaðir,17,14,2054,,2,FCC,Ex-ante,
FCC-ISL-354-17-14-R-0-2054,Arnaldsstaðir,17,14,2054,,243,FCC,Ex-ante,
FCC-ISL-354-17-14-R-0-2054,Arnaldsstaðir,17,14,2054,,30,FCC,Ex-ante,
FCC-ISL-354-17-14-R-0-2054,Arnaldsstaðir,17,14,2054,,4,FCC,Ex-ante,
FCC-ISL-354-17-14-R-0-2054,Arnaldsstaðir,17,14,2054,,1,FCC,Ex-ante,
FCC-ISL-354-17-14-R-0-2054,Arnaldsstaðir,17,14,2054,,7,FCC,Ex-ante,
FCC-ISL-354-17-14-R-0-2054,Arnaldsstaðir,17,14,2054,,24,FCC,Ex-ante,
FCC-ISL-354-17-14-R-0-2054,Arnaldsstaðir,17,14,2054,,3,FCC,Ex-ante,
FCC-ISL-354-17-14-R-0-2054,Arnaldsstaðir,17,14,2054,,3,FCC,Ex-ante,
FCC-ISL-354-17-14-R-0-2055,Arnaldsstaðir,17,14,2055,,3,FCC,Ex-ante,
FCC-ISL-354-17-14-R-0-2055,Arnaldsstaðir,17,14,2055,,2,FCC,Ex-ante,
FCC-ISL-354-17-14-R-0-2055,Arnaldsstaðir,17,14,2055,,224,FCC,Ex-ante,
FCC-ISL-354-17-14-R-0-2055,Arnaldsstaðir,17,14,2055,,28,FCC,Ex-ante,
FCC-ISL-354-17-14-R-0-2055,Arnaldsstaðir,17,14,2055,,4,FCC,Ex-ante,
FCC-ISL-354-17-14-R-0-2055,Arnaldsstaðir,17,14,2055,,1,FCC,Ex-ante,
FCC-ISL-354-17-14-R-0-2055,Arnaldsstaðir,17,14,2055,,7,FCC,Ex-ante,
FCC-ISL-354-17-14-R-0-2055,Arnaldsstaðir,17,14,2055,,23,FCC,Ex-ante,
FCC-ISL-354-17-14-R-0-2055,Arnaldsstaðir,17,14,2055,,3,FCC,Ex-ante,
FCC-ISL-354-17-14-R-0-2055,Arnaldsstaðir,17,14,2055,,3,FCC,Ex-ante,
FCC-ISL-354-17-14-R-0-2056,Arnaldsstaðir,17,14,2056,,3,FCC,Ex-ante,
FCC-ISL-354-17-14-R-0-2056,Arnaldsstaðir,17,14,2056,,2,FCC,Ex-ante,
FCC-ISL-354-17-14-R-0-2056,Arnaldsstaðir,17,14,2056,,209,FCC,Ex-ante,
FCC-ISL-354-17-14-R-0-2056,Arnaldsstaðir,17,14,2056,,26,FCC,Ex-ante,
FCC-ISL-354-17-14-R-0-2056,Arnaldsstaðir,17,14,2056,,3,FCC,Ex-ante,
FCC-ISL-354-17-14-R-0-2056,Arnaldsstaðir,17,14,2056,,1,FCC,Ex-ante,
FCC-ISL-354-17-14-R-0-2056,Arnaldsstaðir,17,14,2056,,6,FCC,Ex-ante,
FCC-ISL-354-17-14-R-0-2056,Arnaldsstaðir,17,14,2056,,21,FCC,Ex-ante,
FCC-ISL-354-17-14-R-0-2056,Arnaldsstaðir,17,14,2056,,3,FCC,Ex-ante,
FCC-ISL-354-17-14-R-0-2056,Arnaldsstaðir,17,14,2056,,3,FCC,Ex-ante,
FCC-ISL-354-17-14-R-0-2057,Arnaldsstaðir,17,14,2057,,3,FCC,Ex-ante,
FCC-ISL-354-17-14-R-0-2057,Arnaldsstaðir,17,14,2057,,2,FCC,Ex-ante,
FCC-ISL-354-17-14-R-0-2057,Arnaldsstaðir,17,14,2057,,193,FCC,Ex-ante,
FCC-ISL-354-17-14-R-0-2057,Arnaldsstaðir,17,14,2057,,24,FCC,Ex-ante,
FCC-ISL-354-17-14-R-0-2057,Arnaldsstaðir,17,14,2057,,3,FCC,Ex-ante,
FCC-ISL-354-17-14-R-0-2057,Arnaldsstaðir,17,14,2057,,1,FCC,Ex-ante,
FCC-ISL-354-17-14-R-0-2057,Arnaldsstaðir,17,14,2057,,6,FCC,Ex-ante,
FCC-ISL-354-17-14-R-0-2057,Arnaldsstaðir,17,14,2057,,19,FCC,Ex-ante,
FCC-ISL-354-17-14-R-0-2057,Arnaldsstaðir,17,14,2057,,3,FCC,Ex-ante,
FCC-ISL-354-17-14-R-0-2057,Arnaldsstaðir,17,14,2057,,3,FCC,Ex-ante,
FCC-ISL-354-17-14-R-0-2058,Arnaldsstaðir,17,14,2058,,3,FCC,Ex-ante,
FCC-ISL-354-17-14-R-0-2058,Arnaldsstaðir,17,14,2058,,2,FCC,Ex-ante,
FCC-ISL-354-17-14-R-0-2058,Arnaldsstaðir,17,14,2058,,178,FCC,Ex-ante,
FCC-ISL-354-17-14-R-0-2058,Arnaldsstaðir,17,14,2058,,23,FCC,Ex-ante,
FCC-ISL-354-17-14-R-0-2058,Arnaldsstaðir,17,14,2058,,3,FCC,Ex-ante,
FCC-ISL-354-17-14-R-0-2058,Arnaldsstaðir,17,14,2058,,1,FCC,Ex-ante,
FCC-ISL-354-17-14-R-0-2058,Arnaldsstaðir,17,14,2058,,5,FCC,Ex-ante,
FCC-ISL-354-17-14-R-0-2058,Arnaldsstaðir,17,14,2058,,18,FCC,Ex-ante,
FCC-ISL-354-17-14-R-0-2058,Arnaldsstaðir,17,14,2058,,2,FCC,Ex-ante,
FCC-ISL-354-17-14-R-0-2058,Arnaldsstaðir,17,14,2058,,3,FCC,Ex-ante,
FCC-ISL-354-17-14-R-0-2059,Arnaldsstaðir,17,14,2059,,3,FCC,Ex-ante,
FCC-ISL-354-17-14-R-0-2059,Arnaldsstaðir,17,14,2059,,2,FCC,Ex-ante,
FCC-ISL-354-17-14-R-0-2059,Arnaldsstaðir,17,14,2059,,165,FCC,Ex-ante,
FCC-ISL-354-17-14-R-0-2059,Arnaldsstaðir,17,14,2059,,21,FCC,Ex-ante,
FCC-ISL-354-17-14-R-0-2059,Arnaldsstaðir,17,14,2059,,3,FCC,Ex-ante,
FCC-ISL-354-17-14-R-0-2059,Arnaldsstaðir,17,14,2059,,1,FCC,Ex-ante,
FCC-ISL-354-17-14-R-0-2059,Arnaldsstaðir,17,14,2059,,5,FCC,Ex-ante,
FCC-ISL-354-17-14-R-0-2059,Arnaldsstaðir,17,14,2059,,17,FCC,Ex-ante,
FCC-ISL-354-17-14-R-0-2059,Arnaldsstaðir,17,14,2059,,2,FCC,Ex-ante,
FCC-ISL-354-17-14-R-0-2059,Arnaldsstaðir,17,14,2059,,3,FCC,Ex-ante,
FCC-ISL-354-17-14-R-0-2060,Arnaldsstaðir,17,14,2060,,2,FCC,Ex-ante,
FCC-ISL-354-17-14-R-0-2060,Arnaldsstaðir,17,14,2060,,2,FCC,Ex-ante,
FCC-ISL-354-17-14-R-0-2060,Arnaldsstaðir,17,14,2060,,153,FCC,Ex-ante,
FCC-ISL-354-17-14-R-0-2060,Arnaldsstaðir,17,14,2060,,20,FCC,Ex-ante,
FCC-ISL-354-17-14-R-0-2060,Arnaldsstaðir,17,14,2060,,3,FCC,Ex-ante,
FCC-ISL-354-17-14-R-0-2060,Arnaldsstaðir,17,14,2060,,1,FCC,Ex-ante,
FCC-ISL-354-17-14-R-0-2060,Arnaldsstaðir,17,14,2060,,5,FCC,Ex-ante,
FCC-ISL-354-17-14-R-0-2060,Arnaldsstaðir,17,14,2060,,16,FCC,Ex-ante,
FCC-ISL-354-17-14-R-0-2060,Arnaldsstaðir,17,14,2060,,2,FCC,Ex-ante,
FCC-ISL-354-17-14-R-0-2060,Arnaldsstaðir,17,14,2060,,3,FCC,Ex-ante,
FCC-ISL-354-17-14-R-0-2061,Arnaldsstaðir,17,14,2061,,2,FCC,Ex-ante,
FCC-ISL-354-17-14-R-0-2061,Arnaldsstaðir,17,14,2061,,1,FCC,Ex-ante,
FCC-ISL-354-17-14-R-0-2061,Arnaldsstaðir,17,14,2061,,145,FCC,Ex-ante,
FCC-ISL-354-17-14-R-0-2061,Arnaldsstaðir,17,14,2061,,18,FCC,Ex-ante,
FCC-ISL-354-17-14-R-0-2061,Arnaldsstaðir,17,14,2061,,2,FCC,Ex-ante,
FCC-ISL-354-17-14-R-0-2061,Arnaldsstaðir,17,14,2061,,1,FCC,Ex-ante,
FCC-ISL-354-17-14-R-0-2061,Arnaldsstaðir,17,14,2061,,4,FCC,Ex-ante,
FCC-ISL-354-17-14-R-0-2061,Arnaldsstaðir,17,14,2061,,15,FCC,Ex-ante,
FCC-ISL-354-17-14-R-0-2061,Arnaldsstaðir,17,14,2061,,2,FCC,Ex-ante,
FCC-ISL-354-17-14-R-0-2061,Arnaldsstaðir,17,14,2061,,2,FCC,Ex-ante,
FCC-ISL-354-17-14-R-0-2062,Arnaldsstaðir,17,14,2062,,2,FCC,Ex-ante,
FCC-ISL-354-17-14-R-0-2062,Arnaldsstaðir,17,14,2062,,1,FCC,Ex-ante,
FCC-ISL-354-17-14-R-0-2062,Arnaldsstaðir,17,14,2062,,134,FCC,Ex-ante,
FCC-ISL-354-17-14-R-0-2062,Arnaldsstaðir,17,14,2062,,17,FCC,Ex-ante,
FCC-ISL-354-17-14-R-0-2062,Arnaldsstaðir,17,14,2062,,3,FCC,Ex-ante,
FCC-ISL-354-17-14-R-0-2062,Arnaldsstaðir,17,14,2062,,1,FCC,Ex-ante,
FCC-ISL-354-17-14-R-0-2062,Arnaldsstaðir,17,14,2062,,4,FCC,Ex-ante,
FCC-ISL-354-17-14-R-0-2062,Arnaldsstaðir,17,14,2062,,14,FCC,Ex-ante,
FCC-ISL-354-17-14-R-0-2062,Arnaldsstaðir,17,14,2062,,2,FCC,Ex-ante,
FCC-ISL-354-17-14-R-0-2062,Arnaldsstaðir,17,14,2062,,2,FCC,Ex-ante,
FCC-ISL-354-17-14-R-0-2063,Arnaldsstaðir,17,14,2063,,2,FCC,Ex-ante,
FCC-ISL-354-17-14-R-0-2063,Arnaldsstaðir,17,14,2063,,1,FCC,Ex-ante,
FCC-ISL-354-17-14-R-0-2063,Arnaldsstaðir,17,14,2063,,126,FCC,Ex-ante,
FCC-ISL-354-17-14-R-0-2063,Arnaldsstaðir,17,14,2063,,16,FCC,Ex-ante,
FCC-ISL-354-17-14-R-0-2063,Arnaldsstaðir,17,14,2063,,1,FCC,Ex-ante,
FCC-ISL-354-17-14-R-0-2063,Arnaldsstaðir,17,14,2063,,1,FCC,Ex-ante,
FCC-ISL-354-17-14-R-0-2063,Arnaldsstaðir,17,14,2063,,4,FCC,Ex-ante,
FCC-ISL-354-17-14-R-0-2063,Arnaldsstaðir,17,14,2063,,13,FCC,Ex-ante,
FCC-ISL-354-17-14-R-0-2063,Arnaldsstaðir,17,14,2063,,2,FCC,Ex-ante,
FCC-ISL-354-17-14-R-0-2063,Arnaldsstaðir,17,14,2063,,2,FCC,Ex-ante,
FCC-ISL-354-17-14-R-0-2064,Arnaldsstaðir,17,14,2064,,2,FCC,Ex-ante,
FCC-ISL-354-17-14-R-0-2064,Arnaldsstaðir,17,14,2064,,1,FCC,Ex-ante,
FCC-ISL-354-17-14-R-0-2064,Arnaldsstaðir,17,14,2064,,116,FCC,Ex-ante,
FCC-ISL-354-17-14-R-0-2064,Arnaldsstaðir,17,14,2064,,15,FCC,Ex-ante,
FCC-ISL-354-17-14-R-0-2064,Arnaldsstaðir,17,14,2064,,2,FCC,Ex-ante,
FCC-ISL-354-17-14-R-0-2064,Arnaldsstaðir,17,14,2064,,1,FCC,Ex-ante,
FCC-ISL-354-17-14-R-0-2064,Arnaldsstaðir,17,14,2064,,4,FCC,Ex-ante,
FCC-ISL-354-17-14-R-0-2064,Arnaldsstaðir,17,14,2064,,12,FCC,Ex-ante,
FCC-ISL-354-17-14-R-0-2064,Arnaldsstaðir,17,14,2064,,2,FCC,Ex-ante,
FCC-ISL-354-17-14-R-0-2064,Arnaldsstaðir,17,14,2064,,2,FCC,Ex-ante,
FCC-ISL-354-17-14-R-0-2065,Arnaldsstaðir,17,14,2065,,2,FCC,Ex-ante,
FCC-ISL-354-17-14-R-0-2065,Arnaldsstaðir,17,14,2065,,1,FCC,Ex-ante,
FCC-ISL-354-17-14-R-0-2065,Arnaldsstaðir,17,14,2065,,111,FCC,Ex-ante,
FCC-ISL-354-17-14-R-0-2065,Arnaldsstaðir,17,14,2065,,14,FCC,Ex-ante,
FCC-ISL-354-17-14-R-0-2065,Arnaldsstaðir,17,14,2065,,2,FCC,Ex-ante,
FCC-ISL-354-17-14-R-0-2065,Arnaldsstaðir,17,14,2065,,1,FCC,Ex-ante,
FCC-ISL-354-17-14-R-0-2065,Arnaldsstaðir,17,14,2065,,3,FCC,Ex-ante,
FCC-ISL-354-17-14-R-0-2065,Arnaldsstaðir,17,14,2065,,11,FCC,Ex-ante,
FCC-ISL-354-17-14-R-0-2065,Arnaldsstaðir,17,14,2065,,1,FCC,Ex-ante,
FCC-ISL-354-17-14-R-0-2065,Arnaldsstaðir,17,14,2065,,2,FCC,Ex-ante,
FCC-ISL-354-17-14-R-0-2066,Arnaldsstaðir,17,14,2066,,2,FCC,Ex-ante,
FCC-ISL-354-17-14-R-0-2066,Arnaldsstaðir,17,14,2066,,1,FCC,Ex-ante,
FCC-ISL-354-17-14-R-0-2066,Arnaldsstaðir,17,14,2066,,104,FCC,Ex-ante,
FCC-ISL-354-17-14-R-0-2066,Arnaldsstaðir,17,14,2066,,13,FCC,Ex-ante,
FCC-ISL-354-17-14-R-0-2066,Arnaldsstaðir,17,14,2066,,2,FCC,Ex-ante,
FCC-ISL-354-17-14-R-0-2066,Arnaldsstaðir,17,14,2066,,1,FCC,Ex-ante,
FCC-ISL-354-17-14-R-0-2066,Arnaldsstaðir,17,14,2066,,3,FCC,Ex-ante,
FCC-ISL-354-17-14-R-0-2066,Arnaldsstaðir,17,14,2066,,10,FCC,Ex-ante,
FCC-ISL-354-17-14-R-0-2066,Arnaldsstaðir,17,14,2066,,1,FCC,Ex-ante,
FCC-ISL-354-17-14-R-0-2066,Arnaldsstaðir,17,14,2066,,2,FCC,Ex-ante,
FCC-ISL-354-17-14-R-0-2067,Arnaldsstaðir,17,14,2067,,1,FCC,Ex-ante,
FCC-ISL-354-17-14-R-0-2067,Arnaldsstaðir,17,14,2067,,1,FCC,Ex-ante,
FCC-ISL-354-17-14-R-0-2067,Arnaldsstaðir,17,14,2067,,100,FCC,Ex-ante,
FCC-ISL-354-17-14-R-0-2067,Arnaldsstaðir,17,14,2067,,12,FCC,Ex-ante,
FCC-ISL-354-17-14-R-0-2067,Arnaldsstaðir,17,14,2067,,2,FCC,Ex-ante,
FCC-ISL-354-17-14-R-0-2067,Arnaldsstaðir,17,14,2067,,3,FCC,Ex-ante,
FCC-ISL-354-17-14-R-0-2067,Arnaldsstaðir,17,14,2067,,10,FCC,Ex-ante,
FCC-ISL-354-17-14-R-0-2067,Arnaldsstaðir,17,14,2067,,1,FCC,Ex-ante,
FCC-ISL-354-17-14-R-0-2067,Arnaldsstaðir,17,14,2067,,1,FCC,Ex-ante,
FCC-ISL-354-17-14-R-0-2068,Arnaldsstaðir,17,14,2068,,1,FCC,Ex-ante,
FCC-ISL-354-17-14-R-0-2068,Arnaldsstaðir,17,14,2068,,1,FCC,Ex-ante,
FCC-ISL-354-17-14-R-0-2068,Arnaldsstaðir,17,14,2068,,93,FCC,Ex-ante,
FCC-ISL-354-17-14-R-0-2068,Arnaldsstaðir,17,14,2068,,12,FCC,Ex-ante,
FCC-ISL-354-17-14-R-0-2068,Arnaldsstaðir,17,14,2068,,2,FCC,Ex-ante,
FCC-ISL-354-17-14-R-0-2068,Arnaldsstaðir,17,14,2068,,3,FCC,Ex-ante,
FCC-ISL-354-17-14-R-0-2068,Arnaldsstaðir,17,14,2068,,9,FCC,Ex-ante,
FCC-ISL-354-17-14-R-0-2068,Arnaldsstaðir,17,14,2068,,1,FCC,Ex-ante,
FCC-ISL-354-17-14-R-0-2068,Arnaldsstaðir,17,14,2068,,1,FCC,Ex-ante,
FCC-ISL-354-17-14-R-0-2069,Arnaldsstaðir,17,14,2069,,1,FCC,Ex-ante,
FCC-ISL-354-17-14-R-0-2069,Arnaldsstaðir,17,14,2069,,1,FCC,Ex-ante,
FCC-ISL-354-17-14-R-0-2069,Arnaldsstaðir,17,14,2069,,89,FCC,Ex-ante,
FCC-ISL-354-17-14-R-0-2069,Arnaldsstaðir,17,14,2069,,11,FCC,Ex-ante,
FCC-ISL-354-17-14-R-0-2069,Arnaldsstaðir,17,14,2069,,1,FCC,Ex-ante,
FCC-ISL-354-17-14-R-0-2069,Arnaldsstaðir,17,14,2069,,3,FCC,Ex-ante,
FCC-ISL-354-17-14-R-0-2069,Arnaldsstaðir,17,14,2069,,9,FCC,Ex-ante,
FCC-ISL-354-17-14-R-0-2069,Arnaldsstaðir,17,14,2069,,1,FCC,Ex-ante,
FCC-ISL-354-17-14-R-0-2069,Arnaldsstaðir,17,14,2069,,1,FCC,Ex-ante,
FCC-ISL-354-17-14-R-0-2070,Arnaldsstaðir,17,14,2070,,1,FCC,Ex-ante,
FCC-ISL-354-17-14-R-0-2070,Arnaldsstaðir,17,14,2070,,1,FCC,Ex-ante,
FCC-ISL-354-17-14-R-0-2070,Arnaldsstaðir,17,14,2070,,85,FCC,Ex-ante,
FCC-ISL-354-17-14-R-0-2070,Arnaldsstaðir,17,14,2070,,10,FCC,Ex-ante,
FCC-ISL-354-17-14-R-0-2070,Arnaldsstaðir,17,14,2070,,1,FCC,Ex-ante,
FCC-ISL-354-17-14-R-0-2070,Arnaldsstaðir,17,14,2070,,3,FCC,Ex-ante,
FCC-ISL-354-17-14-R-0-2070,Arnaldsstaðir,17,14,2070,,8,FCC,Ex-ante,
FCC-ISL-354-17-14-R-0-2070,Arnaldsstaðir,17,14,2070,,1,FCC,Ex-ante,
FCC-ISL-354-17-14-R-0-2070,Arnaldsstaðir,17,14,2070,,1,FCC,Ex-ante,
FCC-ISL-354-17-14-R-0-2071,Arnaldsstaðir,17,14,2071,,1,FCC,Ex-ante,
FCC-ISL-354-17-14-R-0-2071,Arnaldsstaðir,17,14,2071,,1,FCC,Ex-ante,
FCC-ISL-354-17-14-R-0-2071,Arnaldsstaðir,17,14,2071,,80,FCC,Ex-ante,
FCC-ISL-354-17-14-R-0-2071,Arnaldsstaðir,17,14,2071,,10,FCC,Ex-ante,
FCC-ISL-354-17-14-R-0-2071,Arnaldsstaðir,17,14,2071,,1,FCC,Ex-ante,
FCC-ISL-354-17-14-R-0-2071,Arnaldsstaðir,17,14,2071,,2,FCC,Ex-ante,
FCC-ISL-354-17-14-R-0-2071,Arnaldsstaðir,17,14,2071,,8,FCC,Ex-ante,
FCC-ISL-354-17-14-R-0-2071,Arnaldsstaðir,17,14,2071,,1,FCC,Ex-ante,
FCC-ISL-354-17-14-R-0-2071,Arnaldsstaðir,17,14,2071,,1,FCC,Ex-ante,
ICR-ESP-34-31-1-A-0-2021,Substitution of fossil fuels for the use of sustainable biofuels manufactured by Gunvor España,31,1,2021,,0,ICC,Ex-post,
ICR-ESP-34-31-1-A-0-2021,Substitution of fossil fuels for the use of sustainable biofuels manufactured by Gunvor España,31,1,2021,,0,ICC,Ex-post,
ICR-ESP-34-31-1-A-0-2021,Substitution of fossil fuels for the use of sustainable biofuels manufactured by Gunvor España,31,1,2021,,0,ICC,Ex-post,
FCC-ISL-354-55-14-R-0-2027,Hvanná,55,14,2027,,93,FCC,Ex-ante,
FCC-ISL-354-55-14-R-0-2027,Hvanná,55,14,2027,,4,FCC,Ex-ante,
FCC-ISL-354-55-14-R-0-2027,Hvanná,55,14,2027,,2,FCC,Ex-ante,
FCC-ISL-354-55-14-R-0-2028,Hvanná,55,14,2028,,98,FCC,Ex-ante,
FCC-ISL-354-55-14-R-0-2028,Hvanná,55,14,2028,,5,FCC,Ex-ante,
FCC-ISL-354-55-14-R-0-2028,Hvanná,55,14,2028,,2,FCC,Ex-ante,
FCC-ISL-354-55-14-R-0-2029,Hvanná,55,14,2029,,107,FCC,Ex-ante,
FCC-ISL-354-55-14-R-0-2029,Hvanná,55,14,2029,,5,FCC,Ex-ante,
FCC-ISL-354-55-14-R-0-2029,Hvanná,55,14,2029,,2,FCC,Ex-ante,
FCC-ISL-354-55-14-R-0-2030,Hvanná,55,14,2030,,115,FCC,Ex-ante,
FCC-ISL-354-55-14-R-0-2030,Hvanná,55,14,2030,,5,FCC,Ex-ante,
FCC-ISL-354-55-14-R-0-2030,Hvanná,55,14,2030,,2,FCC,Ex-ante,
FCC-ISL-354-55-14-R-0-2031,Hvanná,55,14,2031,,124,FCC,Ex-ante,
FCC-ISL-354-55-14-R-0-2031,Hvanná,55,14,2031,,6,FCC,Ex-ante,
FCC-ISL-354-55-14-R-0-2031,Hvanná,55,14,2031,,2,FCC,Ex-ante,
FCC-ISL-354-55-14-R-0-2032,Hvanná,55,14,2032,,135,FCC,Ex-ante,
FCC-ISL-354-55-14-R-0-2032,Hvanná,55,14,2032,,6,FCC,Ex-ante,
FCC-ISL-354-55-14-R-0-2032,Hvanná,55,14,2032,,3,FCC,Ex-ante,
FCC-ISL-354-55-14-R-0-2033,Hvanná,55,14,2033,,146,FCC,Ex-ante,
FCC-ISL-354-55-14-R-0-2033,Hvanná,55,14,2033,,7,FCC,Ex-ante,
FCC-ISL-354-55-14-R-0-2033,Hvanná,55,14,2033,,3,FCC,Ex-ante,
FCC-ISL-354-55-14-R-0-2034,Hvanná,55,14,2034,,160,FCC,Ex-ante,
FCC-ISL-354-55-14-R-0-2034,Hvanná,55,14,2034,,8,FCC,Ex-ante,
FCC-ISL-354-55-14-R-0-2034,Hvanná,55,14,2034,,3,FCC,Ex-ante,
FCC-ISL-354-55-14-R-0-2035,Hvanná,55,14,2035,,0,FCC,Ex-ante,
FCC-ISL-354-55-14-R-0-2035,Hvanná,55,14,2035,,175,FCC,Ex-ante,
FCC-ISL-354-55-14-R-0-2035,Hvanná,55,14,2035,,8,FCC,Ex-ante,
FCC-ISL-354-55-14-R-0-2035,Hvanná,55,14,2035,,3,FCC,Ex-ante,
FCC-ISL-354-55-14-R-0-2036,Hvanná,55,14,2036,,190,FCC,Ex-ante,
FCC-ISL-354-55-14-R-0-2036,Hvanná,55,14,2036,,9,FCC,Ex-ante,
FCC-ISL-354-55-14-R-0-2036,Hvanná,55,14,2036,,4,FCC,Ex-ante,
FCC-ISL-354-55-14-R-0-2037,Hvanná,55,14,2037,,208,FCC,Ex-ante,
FCC-ISL-354-55-14-R-0-2037,Hvanná,55,14,2037,,10,FCC,Ex-ante,
FCC-ISL-354-55-14-R-0-2037,Hvanná,55,14,2037,,4,FCC,Ex-ante,
FCC-ISL-354-55-14-R-0-2038,Hvanná,55,14,2038,,227,FCC,Ex-ante,
FCC-ISL-354-55-14-R-0-2038,Hvanná,55,14,2038,,11,FCC,Ex-ante,
FCC-ISL-354-55-14-R-0-2038,Hvanná,55,14,2038,,4,FCC,Ex-ante,
FCC-ISL-354-55-14-R-0-2039,Hvanná,55,14,2039,,246,FCC,Ex-ante,
FCC-ISL-354-55-14-R-0-2039,Hvanná,55,14,2039,,12,FCC,Ex-ante,
FCC-ISL-354-55-14-R-0-2039,Hvanná,55,14,2039,,5,FCC,Ex-ante,
FCC-ISL-354-55-14-R-0-2040,Hvanná,55,14,2040,,268,FCC,Ex-ante,
FCC-ISL-354-55-14-R-0-2040,Hvanná,55,14,2040,,13,FCC,Ex-ante,
FCC-ISL-354-55-14-R-0-2040,Hvanná,55,14,2040,,5,FCC,Ex-ante,
FCC-ISL-354-55-14-R-0-2041,Hvanná,55,14,2041,,291,FCC,Ex-ante,
FCC-ISL-354-55-14-R-0-2041,Hvanná,55,14,2041,,14,FCC,Ex-ante,
FCC-ISL-354-55-14-R-0-2041,Hvanná,55,14,2041,,6,FCC,Ex-ante,
FCC-ISL-354-55-14-R-0-2042,Hvanná,55,14,2042,,314,FCC,Ex-ante,
FCC-ISL-354-55-14-R-0-2042,Hvanná,55,14,2042,,15,FCC,Ex-ante,
FCC-ISL-354-55-14-R-0-2042,Hvanná,55,14,2042,,6,FCC,Ex-ante,
FCC-ISL-354-55-14-R-0-2043,Hvanná,55,14,2043,,337,FCC,Ex-ante,
FCC-ISL-354-55-14-R-0-2043,Hvanná,55,14,2043,,16,FCC,Ex-ante,
FCC-ISL-354-55-14-R-0-2043,Hvanná,55,14,2043,,7,FCC,Ex-ante,
FCC-ISL-354-55-14-R-0-2044,Hvanná,55,14,2044,,360,FCC,Ex-ante,
FCC-ISL-354-55-14-R-0-2044,Hvanná,55,14,2044,,17,FCC,Ex-ante,
FCC-ISL-354-55-14-R-0-2044,Hvanná,55,14,2044,,7,FCC,Ex-ante,
FCC-ISL-354-55-14-R-0-2045,Hvanná,55,14,2045,,384,FCC,Ex-ante,
FCC-ISL-354-55-14-R-0-2045,Hvanná,55,14,2045,,18,FCC,Ex-ante,
FCC-ISL-354-55-14-R-0-2045,Hvanná,55,14,2045,,7,FCC,Ex-ante,
FCC-ISL-354-55-14-R-0-2046,Hvanná,55,14,2046,,406,FCC,Ex-ante,
FCC-ISL-354-55-14-R-0-2046,Hvanná,55,14,2046,,19,FCC,Ex-ante,
FCC-ISL-354-55-14-R-0-2046,Hvanná,55,14,2046,,8,FCC,Ex-ante,
FCC-ISL-354-55-14-R-0-2047,Hvanná,55,14,2047,,426,FCC,Ex-ante,
FCC-ISL-354-55-14-R-0-2047,Hvanná,55,14,2047,,20,FCC,Ex-ante,
FCC-ISL-354-55-14-R-0-2047,Hvanná,55,14,2047,,8,FCC,Ex-ante,
FCC-ISL-354-55-14-R-0-2048,Hvanná,55,14,2048,,445,FCC,Ex-ante,
FCC-ISL-354-55-14-R-0-2048,Hvanná,55,14,2048,,21,FCC,Ex-ante,
FCC-ISL-354-55-14-R-0-2048,Hvanná,55,14,2048,,9,FCC,Ex-ante,
FCC-ISL-354-55-14-R-0-2049,Hvanná,55,14,2049,,461,FCC,Ex-ante,
FCC-ISL-354-55-14-R-0-2049,Hvanná,55,14,2049,,22,FCC,Ex-ante,
FCC-ISL-354-55-14-R-0-2049,Hvanná,55,14,2049,,9,FCC,Ex-ante,
FCC-ISL-354-55-14-R-0-2050,Hvanná,55,14,2050,,474,FCC,Ex-ante,
FCC-ISL-354-55-14-R-0-2050,Hvanná,55,14,2050,,23,FCC,Ex-ante,
FCC-ISL-354-55-14-R-0-2050,Hvanná,55,14,2050,,9,FCC,Ex-ante,
FCC-ISL-354-55-14-R-0-2051,Hvanná,55,14,2051,,483,FCC,Ex-ante,
FCC-ISL-354-55-14-R-0-2051,Hvanná,55,14,2051,,23,FCC,Ex-ante,
FCC-ISL-354-55-14-R-0-2051,Hvanná,55,14,2051,,9,FCC,Ex-ante,
FCC-ISL-354-55-14-R-0-2052,Hvanná,55,14,2052,,488,FCC,Ex-ante,
FCC-ISL-354-55-14-R-0-2052,Hvanná,55,14,2052,,23,FCC,Ex-ante,
FCC-ISL-354-55-14-R-0-2052,Hvanná,55,14,2052,,9,FCC,Ex-ante,
FCC-ISL-354-55-14-R-0-2053,Hvanná,55,14,2053,,487,FCC,Ex-ante,
FCC-ISL-354-55-14-R-0-2053,Hvanná,55,14,2053,,23,FCC,Ex-ante,
FCC-ISL-354-55-14-R-0-2053,Hvanná,55,14,2053,,9,FCC,Ex-ante,
FCC-ISL-354-55-14-R-0-2054,Hvanná,55,14,2054,,479,FCC,Ex-ante,
FCC-ISL-354-55-14-R-0-2054,Hvanná,55,14,2054,,23,FCC,Ex-ante,
FCC-ISL-354-55-14-R-0-2054,Hvanná,55,14,2054,,9,FCC,Ex-ante,
FCC-ISL-354-55-14-R-0-2055,Hvanná,55,14,2055,,466,FCC,Ex-ante,
FCC-ISL-354-55-14-R-0-2055,Hvanná,55,14,2055,,22,FCC,Ex-ante,
FCC-ISL-354-55-14-R-0-2055,Hvanná,55,14,2055,,9,FCC,Ex-ante,
FCC-ISL-354-55-14-R-0-2056,Hvanná,55,14,2056,,448,FCC,Ex-ante,
FCC-ISL-354-55-14-R-0-2056,Hvanná,55,14,2056,,21,FCC,Ex-ante,
FCC-ISL-354-55-14-R-0-2056,Hvanná,55,14,2056,,9,FCC,Ex-ante,
FCC-ISL-354-55-14-R-0-2057,Hvanná,55,14,2057,,426,FCC,Ex-ante,
FCC-ISL-354-55-14-R-0-2057,Hvanná,55,14,2057,,20,FCC,Ex-ante,
FCC-ISL-354-55-14-R-0-2057,Hvanná,55,14,2057,,8,FCC,Ex-ante,
FCC-ISL-354-55-14-R-0-2058,Hvanná,55,14,2058,,400,FCC,Ex-ante,
FCC-ISL-354-55-14-R-0-2058,Hvanná,55,14,2058,,19,FCC,Ex-ante,
FCC-ISL-354-55-14-R-0-2058,Hvanná,55,14,2058,,8,FCC,Ex-ante,
FCC-ISL-354-55-14-R-0-2059,Hvanná,55,14,2059,,372,FCC,Ex-ante,
FCC-ISL-354-55-14-R-0-2059,Hvanná,55,14,2059,,18,FCC,Ex-ante,
FCC-ISL-354-55-14-R-0-2059,Hvanná,55,14,2059,,7,FCC,Ex-ante,
FCC-ISL-354-55-14-R-0-2060,Hvanná,55,14,2060,,345,FCC,Ex-ante,
FCC-ISL-354-55-14-R-0-2060,Hvanná,55,14,2060,,16,FCC,Ex-ante,
FCC-ISL-354-55-14-R-0-2060,Hvanná,55,14,2060,,7,FCC,Ex-ante,
FCC-ISL-354-55-14-R-0-2061,Hvanná,55,14,2061,,317,FCC,Ex-ante,
FCC-ISL-354-55-14-R-0-2061,Hvanná,55,14,2061,,15,FCC,Ex-ante,
FCC-ISL-354-55-14-R-0-2061,Hvanná,55,14,2061,,6,FCC,Ex-ante,
FCC-ISL-354-55-14-R-0-2062,Hvanná,55,14,2062,,289,FCC,Ex-ante,
FCC-ISL-354-55-14-R-0-2062,Hvanná,55,14,2062,,14,FCC,Ex-ante,
FCC-ISL-354-55-14-R-0-2062,Hvanná,55,14,2062,,6,FCC,Ex-ante,
FCC-ISL-354-55-14-R-0-2063,Hvanná,55,14,2063,,264,FCC,Ex-ante,
FCC-ISL-354-55-14-R-0-2063,Hvanná,55,14,2063,,13,FCC,Ex-ante,
FCC-ISL-354-55-14-R-0-2063,Hvanná,55,14,2063,,5,FCC,Ex-ante,
FCC-ISL-354-55-14-R-0-2064,Hvanná,55,14,2064,,242,FCC,Ex-ante,
FCC-ISL-354-55-14-R-0-2064,Hvanná,55,14,2064,,12,FCC,Ex-ante,
FCC-ISL-354-55-14-R-0-2064,Hvanná,55,14,2064,,5,FCC,Ex-ante,
FCC-ISL-354-55-14-R-0-2065,Hvanná,55,14,2065,,221,FCC,Ex-ante,
FCC-ISL-354-55-14-R-0-2065,Hvanná,55,14,2065,,11,FCC,Ex-ante,
FCC-ISL-354-55-14-R-0-2065,Hvanná,55,14,2065,,4,FCC,Ex-ante,
FCC-ISL-354-55-14-R-0-2066,Hvanná,55,14,2066,,203,FCC,Ex-ante,
FCC-ISL-354-55-14-R-0-2066,Hvanná,55,14,2066,,10,FCC,Ex-ante,
FCC-ISL-354-55-14-R-0-2066,Hvanná,55,14,2066,,4,FCC,Ex-ante,
FCC-ISL-354-55-14-R-0-2067,Hvanná,55,14,2067,,186,FCC,Ex-ante,
FCC-ISL-354-55-14-R-0-2067,Hvanná,55,14,2067,,9,FCC,Ex-ante,
FCC-ISL-354-55-14-R-0-2067,Hvanná,55,14,2067,,4,FCC,Ex-ante,
FCC-ISL-354-55-14-R-0-2068,Hvanná,55,14,2068,,173,FCC,Ex-ante,
FCC-ISL-354-55-14-R-0-2068,Hvanná,55,14,2068,,8,FCC,Ex-ante,
FCC-ISL-354-55-14-R-0-2068,Hvanná,55,14,2068,,3,FCC,Ex-ante,
FCC-ISL-354-55-14-R-0-2069,Hvanná,55,14,2069,,158,FCC,Ex-ante,
FCC-ISL-354-55-14-R-0-2069,Hvanná,55,14,2069,,8,FCC,Ex-ante,
FCC-ISL-354-55-14-R-0-2069,Hvanná,55,14,2069,,3,FCC,Ex-ante,
FCC-ISL-354-55-14-R-0-2070,Hvanná,55,14,2070,,147,FCC,Ex-ante,
FCC-ISL-354-55-14-R-0-2070,Hvanná,55,14,2070,,7,FCC,Ex-ante,
FCC-ISL-354-55-14-R-0-2070,Hvanná,55,14,2070,,3,FCC,Ex-ante,
FCC-ISL-354-55-14-R-0-2071,Hvanná,55,14,2071,,137,FCC,Ex-ante,
FCC-ISL-354-55-14-R-0-2071,Hvanná,55,14,2071,,7,FCC,Ex-ante,
FCC-ISL-354-55-14-R-0-2071,Hvanná,55,14,2071,,3,FCC,Ex-ante,
FCC-ISL-354-57-14-R-0-2027,"Skógálfar, Álfabrekka",57,14,2027,,79,FCC,Ex-ante,
FCC-ISL-354-57-14-R-0-2027,"Skógálfar, Álfabrekka",57,14,2027,,0,FCC,Ex-ante,
FCC-ISL-354-57-14-R-0-2071,"Skógálfar, Álfabrekka",57,14,2071,,0,FCC,Ex-ante,
FCC-ISL-354-57-14-R-0-2071,"Skógálfar, Álfabrekka",57,14,2071,,1,FCC,Ex-ante,
FCC-ISL-354-57-14-R-0-2071,"Skógálfar, Álfabrekka",57,14,2071,,1,FCC,Ex-ante,
FCC-ISL-354-57-14-R-0-2071,"Skógálfar, Álfabrekka",57,14,2071,,0,FCC,Ex-ante,
FCC-ISL-354-57-14-R-0-2071,"Skógálfar, Álfabrekka",57,14,2071,,0,FCC,Ex-ante,
FCC-ISL-354-57-14-R-0-2071,"Skógálfar, Álfabrekka",57,14,2071,,0,FCC,Ex-ante,
FCC-ISL-354-57-14-R-0-2071,"Skógálfar, Álfabrekka",57,14,2071,,0,FCC,Ex-ante,
ICR-GBR-44-72-3-A-0-2022,Project Flux,72,3,2022,,0,ICC,Ex-post,
ICR-GBR-44-72-3-A-0-2022,Project Flux,72,3,2022,,0,ICC,Ex-post,
ICR-GBR-44-72-3-A-0-2022,Project Flux,72,3,2022,,0,ICC,Ex-post,
ICR-GBR-44-72-3-A-0-2023,Project Flux,72,3,2023,,0,ICC,Ex-ante,
ICR-GBR-44-72-3-A-0-2023,Project Flux,72,3,2023,,0,ICC,Ex-ante,
ICR-GBR-44-72-3-A-0-2023,Project Flux,72,3,2023,,0,ICC,Ex-ante,
ICR-GBR-44-72-3-A-0-2024,Project Flux,72,3,2024,,0,ICC,Ex-ante,
ICR-GBR-44-72-3-A-0-2024,Project Flux,72,3,2024,,0,ICC,Ex-ante,
ICR-GBR-44-72-3-A-0-2025,Project Flux,72,3,2025,,0,ICC,Ex-ante,
ICR-GBR-44-72-3-A-0-2025,Project Flux,72,3,2025,,0,ICC,Ex-ante,
ICR-GBR-44-72-3-A-0-2026,Project Flux,72,3,2026,,0,ICC,Ex-ante,
ICR-GBR-44-72-3-A-0-2026,Project Flux,72,3,2026,,0,ICC,Ex-ante,
ICR-GBR-44-72-3-A-0-2027,Project Flux,72,3,2027,,0,ICC,Ex-ante,
ICR-GBR-44-72-3-A-0-2027,Project Flux,72,3,2027,,0,ICC,Ex-ante,
ICR-GBR-44-72-3-A-0-2028,Project Flux,72,3,2028,,0,ICC,Ex-ante,
ICR-GBR-44-72-3-A-0-2028,Project Flux,72,3,2028,,0,ICC,Ex-ante,
ICR-GBR-44-72-3-A-0-2029,Project Flux,72,3,2029,,0,ICC,Ex-ante,
ICR-GBR-44-72-3-A-0-2029,Project Flux,72,3,2029,,0,ICC,Ex-ante,
ICR-GBR-44-72-3-A-0-2030,Project Flux,72,3,2030,,0,ICC,Ex-ante,
ICR-GBR-44-72-3-A-0-2030,Project Flux,72,3,2030,,0,ICC,Ex-ante,
ICR-GBR-44-72-3-A-0-2031,Project Flux,72,3,2031,,0,ICC,Ex-ante,
ICR-GBR-44-72-3-A-0-2031,Project Flux,72,3,2031,,0,ICC,Ex-ante,
ICR-GBR-44-72-3-A-0-2032,Project Flux,72,3,2032,,0,ICC,Ex-ante,
ICR-GBR-44-72-3-A-0-2032,Project Flux,72,3,2032,,0,ICC,Ex-ante,
ICR-ESP-34-85-1-A-0-2021,Substitution of fossil fuel for the use of sustainable biofuels manufactured by Linares Biodiesel Technology S.L.U.,85,1,2021,,0,ICC,Ex-post,
ICR-ESP-34-85-1-A-0-2021,Substitution of fossil fuel for the use of sustainable biofuels manufactured by Linares Biodiesel Technology S.L.U.,85,1,2021,,76523,ICC,Ex-post,
ICR-ESP-34-85-1-A-0-2021,Substitution of fossil fuel for the use of sustainable biofuels manufactured by Linares Biodiesel Technology S.L.U.,85,1,2021,,8503,ICC,Ex-post,
ICR-ESP-34-85-1-A-0-2022,Substitution of fossil fuel for the use of sustainable biofuels manufactured by Linares Biodiesel Technology S.L.U.,85,1,2022,,0,ICC,Ex-post,
ICR-ESP-34-85-1-A-0-2022,Substitution of fossil fuel for the use of sustainable biofuels manufactured by Linares Biodiesel Technology S.L.U.,85,1,2022,,100820,ICC,Ex-post,
ICR-ESP-34-85-1-A-0-2022,Substitution of fossil fuel for the use of sustainable biofuels manufactured by Linares Biodiesel Technology S.L.U.,85,1,2022,,11202,ICC,Ex-post,
ICR-ISL-354-87-15-A-0-2023,Carbon avoidance through the nutritional replacement of beef by carbon neutral Icelandic Spirulina (blue-green algae) production,87,15,2023,,0.098,ICC,Ex-post,
ICR-ISL-354-87-15-A-0-2023,Carbon avoidance through the nutritional replacement of beef by carbon neutral Icelandic Spirulina (blue-green algae) production,87,15,2023,,0.09,ICC,Ex-post,
ICR-ISL-354-87-15-A-0-2023,Carbon avoidance through the nutritional replacement of beef by carbon neutral Icelandic Spirulina (blue-green algae) production,87,15,2023,,18111,ICC,Ex-post,
ICR-ISL-354-87-15-A-0-2023,Carbon avoidance through the nutritional replacement of beef by carbon neutral Icelandic Spirulina (blue-green algae) production,87,15,2023,,574,ICC,Ex-post,
ICR-ISL-354-87-15-A-0-2023,Carbon avoidance through the nutritional replacement of beef by carbon neutral Icelandic Spirulina (blue-green algae) production,87,15,2023,,0,ICC,Ex-post,
ICR-ISL-354-87-15-A-0-2023,Carbon avoidance through the nutritional replacement of beef by carbon neutral Icelandic Spirulina (blue-green algae) production,87,15,2023,,0.001,ICC,Ex-post,
ICR-ISL-354-87-15-A-0-2023,Carbon avoidance through the nutritional replacement of beef by carbon neutral Icelandic Spirulina (blue-green algae) production,87,15,2023,,0,ICC,Ex-post,
ICR-ISL-354-87-15-A-0-2023,Carbon avoidance through the nutritional replacement of beef by carbon neutral Icelandic Spirulina (blue-green algae) production,87,15,2023,,0.1,ICC,Ex-post,
ICR-ISL-354-87-15-A-0-2023,Carbon avoidance through the nutritional replacement of beef by carbon neutral Icelandic Spirulina (blue-green algae) production,87,15,2023,,2977,ICC,Ex-post,
ICR-ISL-354-87-15-A-0-2023,Carbon avoidance through the nutritional replacement of beef by carbon neutral Icelandic Spirulina (blue-green algae) production,87,15,2023,,0,ICC,Ex-post,
ICR-ISL-354-87-15-A-0-2023,Carbon avoidance through the nutritional replacement of beef by carbon neutral Icelandic Spirulina (blue-green algae) production,87,15,2023,,19.4,ICC,Ex-post,
ICR-ISL-354-87-15-A-0-2023,Carbon avoidance through the nutritional replacement of beef by carbon neutral Icelandic Spirulina (blue-green algae) production,87,15,2023,,0,ICC,Ex-post,
ICR-ISL-354-87-15-A-0-2023,Carbon avoidance through the nutritional replacement of beef by carbon neutral Icelandic Spirulina (blue-green algae) production,87,15,2023,,0.09,ICC,Ex-post,
ICR-ISL-354-87-15-A-0-2023,Carbon avoidance through the nutritional replacement of beef by carbon neutral Icelandic Spirulina (blue-green algae) production,87,15,2023,,0,ICC,Ex-post,
ICR-ISL-354-87-15-A-0-2023,Carbon avoidance through the nutritional replacement of beef by carbon neutral Icelandic Spirulina (blue-green algae) production,87,15,2023,,0.1,ICC,Ex-post,
ICR-UKR-380-112-1-A-0-2019,Ovid Wind Farm Project,112,1,2019,,1,ICC,Ex-post,
ICR-UKR-380-112-1-A-0-2019,Ovid Wind Farm Project,112,1,2019,,0.71318,ICC,Ex-post,
ICR-UKR-380-112-1-A-0-2019,Ovid Wind Farm Project,112,1,2019,,44101,ICC,Ex-post,
ICR-UKR-380-112-1-A-0-2019,Ovid Wind Farm Project,112,1,2019,,0,ICC,Ex-post,
ICR-UKR-380-112-1-A-0-2019,Ovid Wind Farm Project,112,1,2019,,0.01418,ICC,Ex-post,
ICR-UKR-380-112-1-A-0-2019,Ovid Wind Farm Project,112,1,2019,,0,ICC,Ex-post,
ICR-UKR-380-112-1-A-0-2019,Ovid Wind Farm Project,112,1,2019,,0.71418,ICC,Ex-post,
ICR-UKR-380-112-1-A-0-2019,Ovid Wind Farm Project,112,1,2019,,0.71418,ICC,Ex-post,
ICR-UKR-380-112-1-A-0-2019,Ovid Wind Farm Project,112,1,2019,,1,ICC,Ex-post,
ICR-UKR-380-112-1-A-0-2019,Ovid Wind Farm Project,112,1,2019,,0.001,ICC,Ex-post,
ICR-UKR-380-112-1-A-0-2019,Ovid Wind Farm Project,112,1,2019,,0.01,ICC,Ex-post,
ICR-UKR-380-112-1-A-0-2019,Ovid Wind Farm Project,112,1,2019,,72.778,ICC,Ex-post,
ICR-UKR-380-112-1-A-0-2019,Ovid Wind Farm Project,112,1,2019,,250,ICC,Ex-post,
ICR-UKR-380-112-1-A-0-2019,Ovid Wind Farm Project,112,1,2019,,3.11199,ICC,Ex-post,
ICR-UKR-380-112-1-A-0-2019,Ovid Wind Farm Project,112,1,2019,,0,ICC,Ex-post,
ICR-UKR-380-112-1-A-0-2019,Ovid Wind Farm Project,112,1,2019,,5,ICC,Ex-post,
ICR-UKR-380-112-1-A-0-2019,Ovid Wind Farm Project,112,1,2019,,0,ICC,Ex-post,
ICR-UKR-380-112-1-A-0-2019,Ovid Wind Farm Project,112,1,2019,,1.05,ICC,Ex-post,
ICR-UKR-380-112-1-A-0-2019,Ovid Wind Farm Project,112,1,2019,,246.4291,ICC,Ex-post,
ICR-UKR-380-112-1-A-0-2019,Ovid Wind Farm Project,112,1,2019,,0.71418,ICC,Ex-post,
ICR-UKR-380-112-1-A-0-2019,Ovid Wind Farm Project,112,1,2019,,0,ICC,Ex-post,
ICR-UKR-380-112-1-A-0-2019,Ovid Wind Farm Project,112,1,2019,,0,ICC,Ex-post,
ICR-UKR-380-112-1-A-0-2020,Ovid Wind Farm Project,112,1,2020,,73259,ICC,Ex-post,
ICR-UKR-380-112-1-A-0-2021,Ovid Wind Farm Project,112,1,2021,,75097,ICC,Ex-post,
ICR-UKR-380-112-1-A-0-2022,Ovid Wind Farm Project,112,1,2022,,50686,ICC,Ex-post,
ICR-UKR-380-112-1-A-0-2023,Ovid Wind Farm Project,112,1,2023,,29609,ICC,Ex-post,