ID,Proponents1,Proponents2,Proponents3,Proponents4,Proponents5,Proponents6,Proponents7,Proponents8,Proponents9,Proponents10,Other Entities,Other Entities2,Other Entities3,Other Entities4,Other Entities5,Other Entities6,Other Entities7,Other Entities8,Other Entities9
4843,"Danfeng County Construction Development Group Co., Ltd
Shanxi Province, Shangluo City, Danfeng County, north of the east extension of Jiangbin North Road
+86 13991499380
danfenglyth@163.com","Guangzhou Guotan Assets Management Co., Ltd
Room 1105, Building 16, Tian An Headquarters Center, No. 555 Panyu Avenue North, Donghuan Street, Panyu District, Guangzhou, China
+86 020 22885839
guotanzichan@163.com",,,,,,,,,"Guangdong Shuangtanda Technology Co., Ltd
Building 16, Tian An Headquarters Center, No. 555 Panyu Avenue North, Donghuan Street, Panyu District, Guangzhou, China
+86 17322218846
flmao@gdstdkj.com",,,,,,,,
1541,"Fundación Defensores de la Naturaleza
4a. Avenida 23-01 Zona 14 Ciudad de Guatemala Guatemala
Javier Marquez
jmarquez@defensores.org.gt
(+502) 2310-2929","Unión Maya Itzá
Las Cruces, Petén, Guatemala
(+502) 4185-7328","La Lucha
Las Cruces, Petén, Guatemala
(+502) 4908-6978","La Técnica Agropecuaria
Las Cruces, Petén, Guatemala
(+502) 5336-0807",,,,,,,"OroVerde - Die Tropenwaldstiftung Tropical Forest Foundation
Kaiserstraße 185-19753113 Bonn
0228/24 29 0 - 0","South Pole Carbon Asset Management S.A.S.
Calle 10A # 34-11 Poblado Office 4005 Medellin Colombia
+57 4 352 4428",,,,,,,
10,"BAESA - Energética Barra Grande S.A
1168, Madre Benvenuta Avenue, Sobreloja. Florianopolis/Santa Catarina, Brazil. Zipcode: 88035-000.
55 48 3331 0000
juliano.natal@cscenergia.com.bror 
pvolf@baesa.com.br","Ecofinance Negócios Eireli3 (Former Enerbio Consultoria Ltda)
361, Lageado Avenue, 701. Porto Alegre/Rio Grande do Sul, Brazil. Zipcode: 90460-110.",,,,,,,,,,,,,,,,,
33,"Kitambar Ceramic
BR 232, Km 136, Distrito Industrial, Caruaru, PE - Postal Code: 55.000-000
+55 (81) 3726-1668","Social Carbon Company
R. Borges Lagoa, 1065 - Conj. 146 - Vila Clementino Postal Code: 04038 032 São Paulo - SP, Brazil
+55 11 5083 3252
http://www.cantorco2e.com
mhaddad@cantorco2e.com.br
ftakeuchi@cantorco2e.com.br
rborgheresi@cantorco2e.com.br",,,,,,,,,,,,,,,,,
34,"Cavalcante Ceramic
Rodovia BR 010 - km 1811 - Bairro Industrial, São Miguel do Guamá - Pará, Brazil Postal Code: 68660-000
+55 (91) 3446-1184","Social Carbon Company
R. Borges Lagoa, 1065 - Conj. 146 - Vila Clementino Postal Code: 04038 032 São Paulo - SP, Brazil
+55 (11) 5083-3252
http://www.socialcarbon.org
rborgheresi@cantorco2e.com.br
ftakeuchi@cantorco2e.com.br",,,,,,,,,,,,,,,,,
52,"Nascente Ceramic
Avenida Rodion Podolsky, 309 - Centro - CEP: 17980-000 Panorama -São Paulo
+55 (18) 38712003","Carbono Social Serviços Ambientais
R. Borges Lagoa, 1065 - Conj. 144 - Vila Clementino CEP: 04038 032, São Paulo - SP, Brasil
http://www.socialcarbon.com
thales@socialcarbon.com
flavia@socialcarbon.com
rafael@socialcarbon.com",,,,,,,,,,,,,,,,,
54,"Cenol and Telha Forte Ceramics
Rodovia BR 010 - km 1808 - Bairro Industrial, São Miguel do Guamá - PA, Brazil. Postal Code: 68660-000
+55 (91) 3446-2341","Carbono Social Serviços:
Rua Borges Lagoa, 1065 - Conj. 144 - Vila Clementino Postal Code: 04038 032 São Paulo - SP, Brazil
+55 11 2649 0036
http://www.socialcarbon.com
marcelo@socialcarbon.com
thales@socialcarbon.com
flavia@socialcarbon.com
rafael@socialcarbon.com",,,,,,,,,,,,,,,,,
64,"Cerâmica Gomes de Matos
Rodovia CE 55, Km 06 - Bairro Sítio Quebra Crato - Ceara, Brasil Zip code: 63105-330
ceramicacgm@yahoo.com.br","Carbono Social Serviços Ambientais Ltda
Rua Borges Lagoa, 1065 - Conj. 144 - Vila Clementino Postal Code: 04038 032 São Paulo - São Paulo, Brazil
+55 11 2649 0036
http://www.socialcarbon.com
cezar@socialcarbon.com
flavia@socialcarbon.com
rafael@socialcarbon.com",,,,,,,,,,,,,,,,,
83,"Cerâmica Guarai LTDA
Rua Cinco, 180, Lote 693, Itambi - Itaborai, RJ - Postal Code: 24.850-000.
+55 (21) 2736-4141","Cil Cerâmica Itabira LTDA
Rua 31 de Março, n°02, Centro - Itaborai - RJ - Postal Code: 24.800-000.
+55 (21) 2635-2669","Cerâmica Santa Izabel LTDA
Estrada Porto das Caxias, n°1134 - Itaborai - RJ - Postal Code: 24.800-000.
+55 (21) 2635-7089","Carbono Social Serviços Ambientais LTDA.
R. Borges Lagoa, 1065 - Conj. 146 - Vila Clementino Postal Code: 04038 032 São Paulo - SP, Brazil
+55 11 5083 3252
http://www.socialcarbon.com
joaopaulo@socialcarbon.com
marcelo@socialcarbon.com
kupper@socialcarbon.com
flavia@socialcarbon.com
rafael@socialcarbon.com",,,,,,,,,,,,,,,
122,"Vindhya Spinning Mills (P) Ltd
4, Shanmuga Nadar Road Geethalaya Building Sivakasi Tamilnadu 626123 India
04562 - 222715
camel@md3.vsnl.net.in","Prima Papers & Engineering Pvt. Ltd
Budhawar Peth 774, '""Chaitanya' Pune Maharashtra 411002 India
020 - 24456296
Pearl-ip@eth.net","Rathi Dye Chem (P) Ltd
Bhandarkar Institute Road, Deccan Gymkhana ""Vrundali' Block o - 1, 851/2 Pune Maharashtra 411004 India
020 - 25672052, 25672053, 25672948
marketing@rathicolours.com
purchase@rathicolours.com","Sarvana Spinning Mills Kumaragiri Textiles Limited
524, Mint street, Park town IInd Floor Chennai Tamilnadu 600003 India
044 - 25353514, 25355005","Chhotabhai Jethabhai Patel & Co
C J House, Motapore Nadiad Gujarat 387001 India
0268 - 2562633, 2562634, 2562635
ceejaygroup@yahoo.co.in",,,,,,,,,,,,,,
130,"Cerâmica Arrozal LTDA
Estrada Arrozal Pinheiral, km 10 - Piraí, Rio de Janeiro - CEP: 27.185-000
+55 (24) 3333-1108","Indústria José Vicente Sesto LTDA
 Zoelo Sola, 417 - Três Rios, Rio de Janeiro - CEP: 25.820-180
+55 (24) 2263-1267
http: // www.ceramicaggp.com.br/"," Cerâmica RJ Nunes LTDA
 Rua Odir Barros, 99 - Rio Várzea - Itaboraí, Rio de Janeiro - CEP: 24.800-000
 +55 (21) 2635-1531/ 2635-2581","Carbono Social Serviços Ambientais LTDA.:
R. Borges Lagoa, 1065 - Conj• 146 - Vila Clementino Postal Code: 04.038-032 São Paulo - SP, Brazil
 +55 11 2649 0036
http://www.socialcarbon.com
marcelo@socialcarbon.com
kupper@socialcarbon.com
flavia@socialcarbon.com
rafael@socialcarbon.com",,,,,,,,,,,,,,,
143,"Cerâmica Bandeira Ltda
Cerâmica Capelli Ltda
Fazenda Fleixeiras, s/n° - Zona Rural - Capela - AL - Postal Code: 57.780-000
+55 (82) 3287-1188 / 3287-1339
ceramicabandeira@uol.com.br","Sustainable Carbon - Projetos Ambientais Ltda
R. Doutor Bacelar. 368 - Conj. 23 - Vila Clementino Postal Code: 04026-001 São Paulo - SP. Brazil
+55 11 2649 0036
tecnica@sustainablecarbon.com",,,,,,,,,,,,,,,,,
147,"ESWARI KNITTING WORKS
5/815, 284A, SE NO. 285A & PITCHAMPALAYAM PUDUR (POST), P.N. ROAD, TIRUPUR 641603, TAMILNADU.","ESWARI TEXTILE 
5/815, SF NO. 285A & 284A, PITCHAMPALAYAM PUDUR (POST) , P. N. ROAD, TIRUPUR 641603, TAMILNADU.","VICTUS ASSOCIAT
5/815, SE NO. 285A 284A, PITCHAMPALAYAM PUDUR (POST), P. N. ROAD, TIRUPUR 641603, TAMILNADU.","ESWARI GARMENTS
5/815, SF NO. 285A & 284A, PITCHAMPALAYAM PUDUR (POST), P. N. ROAD, TIRUPUR 641603, TAMILNADU.","SHANMUGA COMPACTS
S.F. NO. 276/1 & 275/6, THOTTIPALAYAM VILLAGE, SAKTHI NAGAR P.N. ROAD, TIRUPUR SOUTH, 641602, TAMILNADU.",,,,,,"R.S.J.OZONE PRIVATE LIMITED
42, S.V. COLONY EAST, 9TH STREET, P.N. ROAD TIRUPUR TAMIL NADU Postfix/ZIP: 641 602 INDIA
+ 91 - 421 - 4332460 / 2242460",,,,,,,,
158,"Cerâmica Menegalli Ltda
Rua João Barbosa, 340- Vila França, São Miguel do Guamá - Pará СЕР: 68660-000
+55 (91) 3446 1421","Carbono Social Serviços Ambientais Ltda
R. Borges Lagoa, 1065 - Conj. 144 - Vila Clementino CEP: 04038 032, São Paulo - SP, Brasil
http://www.socialcarbon.com
thales@socialcarbon.com
flavia@socialcarbon.com
rafael@socialcarbon.com",,,,,,,,,, ,,,,,,,
168,"Bhagyanagar India Limited & Surana Telecom and Power Limited
5"" Floor, Surya Towers Sardar Patel Road Secunderabad Andhra Pradesh Postfix/ZIP: 500003 India
040-27849988",,,,,,,,,,Suzlon Energy Limited,,,,,,,,
197,"Cerâmica Kamiranga Indústria e Comércio LTDA.
Estrada Santa Rita da Barreira, s/n° - km 04 - Zona Rural São Miguel do Guamá - Pará, Brazil Postal Code: 68660-000
+55 (91) 9112-8094
kamiranga@bol.com.br","Sustainable Carbon - Projetos Ambientais Ltda
R. Doutor Bacelar. 368 - Conj. 23 - Vila Clementino Postal Code: 04.026-001 São Paulo - SP. Brazil
+55 11 2649 0036
tecnica@sustainablecarbon.com",,,,,,,,,,,,,,,,,
198,"JL Silva Cerâmica ME.
Sitio Prata, s/n
Lajedo - Pernambuco - Brasil Postal Code: 55.385-000","Carbono Social Serviços Ambientais LTDA.
R. Borges Lagoa, 1065 - Conj. 144 - Vila Clementino Postal Code: 55.845-000 São Paulo - SP, Brazil
+55 11 2649-0036
http://www.socialcarbon.com
gabriel@socialcarbon.com
marcelo@socialcarbon.com
rafael@socialcarbon.com",,,,,,,,,,,,,,,,,
201,"R. Gonçalves Barbosa PP
Rodovia BR 010 - km 1809 - Bairro Industrial, São Miguel do Guamá - Pará Zip Code: 68660-000
+55 (91) 3446 1338","Carbono Social Serviços Ambientais Ltda
R. Borges Lagoa, 1065 - Conj. 144 - Vila Clementino CEP: 04038 032, São Paulo - SP, Brasil
http://www.socialcarbon.com
thales@socialcarbon.com
flavia@socialcarbon.com
rafael@socialcarbon.com",,,,,,,,,,,,,,,,,
202,"Bom Jesus Ceramic
Engenho Belém, without number. Paudalho - Pernambuco, Brasil Zip Code: 55.825-000
 +55 (81) 3636-1200","Carbono Social Serviços Ambientais LTDA.
R. Borges Lagoa, 1065 - Conj. 144 - Vila Clementino Postal Code: 55.845-000 São Paulo - SP, Brazil
+55 11 2649-0036
http://www.socialcarbon.com
gabriel@socialcarbon.com
marcelo@socialcarbon.com",,,,,,,,,,,,,,,,,
225,"C. Mahendra Exports Limited
1204 Panchratna 12""' Floor, Opera House Mumbai Maharashtra Posttix/ZIP: 400 004 India
+91 22-2382 6998
infonagindas@cmahendra.com",,,,,,,,,,,,,,,,,,
266,"Navalakha Translines
Hadapsar Industrial Estate 50-A Pune Maharashtra 411 013 India
(+ 91 20) 2681 6688
Navalakha@eth.net","General Industrial Controls Private Limited
M. I. D. C T-107,Bhosari Pune Maharashtra 411 026 India
(+ 91 20) 3068 0001 to 29
gic@pn2.vsnl.net.in","Hotel Golden Emerald
Gultekdi, Near Salisbury Park, 473 / 14 B, Pune Maharashtra 411 037 India
(+ 91 20) 2427 881
vsl@accesset.in","Sulbha Subhash Lodha
Pune - Satara Road, 10, Vikram Bunglow, Rituraj Society Pune Maharashtra 411 037India
(+ 91 20) 2421 6061
vsl@accesset.in","Esbee Industrial Combines
M. I. D. C J- 159, Bhosari Pune Maharashtra 411 026 India
(+ 91 20) 3068 1017/18
esbee@pn2.vsnl.net","Sanjana Power
116,Bajaj Bhawan, 11"" floor, Nariman Point, Bajaj Bhawan Mumbai Maharashtra 400 021 India
+91-22-22854662, 22854663
scsl@bom8.vsnl.net.in","Dhoot Power 
504,Raheja Centre, 214,Nariman Point Raheja Centre Mumbai Maharashtra 400 021 India
+91-22-22845050,22835152
rkdhoot@vsnl.com","Shri. J. G. Thakkar 
699, Shaniwar Peth, Thackar Chambers, Satara Maharashtra 415 002. India
(+ 91 2162) 231989
thackarconstruction@gmail.com","Keshav Pharmachem Pvt. Ltd.
Ring Road 3021, Adarsh Market -2, Surat Gujarat ZIP: 395 001. India
0261-2236426
gargsurat@yahoo.com
ranjit18sg@gmail.com,","Maharashtra Gujarat Transport Services
Aziz Baug 1, B- wing, Sita Estate, Chembur Mumbai Maharashtra 395 001. India
0261-2236426
gargsurat@yahoo.com
ranjitl8sg@gmail.com",,,,,,,,,
288,"Red Hills Wind Project, L.L.C.
333 West Wacker Dr. Suite 1500 Chicago IL 60606 United States of America
(312)673-3000
jkoop@acciona-na.com",,,,,,,,,,,,,,,,,,
314,"Sangeeth Textiles Limited
Ganeshpuram post, Via S.S Kulam 551 Annur, Coimbatore district Tamil Nadu India
+91 422-2654101
sangeeth@md3.vsnl.net.in
http://www.sangeethtextiles.com","Shri Mookambiga Spinning Mills Limited
Ganeshpuram post, Via S.S Kulam 551 Annur, Combatore district Tamil Nadu India
+91 422-2654101
sangeeth@md3.vsnl.net.in","C.A. V Cotton Mills Limited
Ganeshpuram post, Via S.S Kulam Annur, Combatore district Tamil Nadu India
+91 422-2654101
sangeeth@md3.vsnl.net.in","Sri Vasudeva Textiles Limited
Ganeshpuram post, Via S.S Kulam 551 Annur, Coimbatore district Tamil Nadu India
+91 422-2654101
sangeeth@md3.vsnl.net.in",,,,,,,,,,,,,,,
324,"Kanaka Management Services Pvt. Ltd. (KMSPL) Bangalore
# 271, SFS 407, 4"" Phase, Yelahanka New Town Bangalore Karnataka 560064 India
+919008167850
kmscdm@gmail.com
nandagopalkms@gmail.com",,,,,,,,,,,,,,,,,,
347,"Indian Wind Power Association
Besant Avenue, Adyar No. 40 (Ground Floor) Chennai Tamil Nadu India
044 - 45504036
iwpahq@rediffmail.com","Sree Ayyanar Spinning and Weaving Mills Limited
Mallanginar Mill premises Near virudhunagar Tamil Nadu India
04566 - 304100
mail@ayyanar.com","PIONEER JELLICE INDIA PRIVATE LIMITED
23, Vallabhai Road, Chokkikulam Madurai - 625 002. Tamil Nadu India
0452 2534099
pioneeriellice@pioneerasia.com","Meenasankar Enterprises
17-A, Virudhunagar Road Boopathy Buildings Sivakasi - 626 123 Tamil Nadu India
04562 222422
export@pioneerasia.com","PIONEER OVERSEAS (P) LTD.
17-A, Virudhunagar Road Boopathy Buildings Sivakasi - 626 123 Tamil Nadu India
04562 222422
export@pioneerasia.com",,,,,,,,,,,,,,
354,"Cerâmica Assunção LTDA
Av. Noé Leite de Freitas, 4677 - Lot. Parque da Piranha, Postal Code: 61700-000 Aquiraz - CE Brazil
+55 85 3260 9753
vendas@grupotavares.ind.br","Sustainable Carbon - Projetos Ambientais Ltda
R. Doutor Bacelar. 368 - Conj. 23 - Vila Clementino Postal Code: 04.026-001 São Paulo - SP. Brazil
+55 11 2649 0036
tecnica@sustainablecarbon.com",,,,,,,,,,,,,,,,,
360,"Indian Wind Power Association
Besant Avenue, Adyar No. 40 (Ground Floor) Chennai Tamil Nadu India
044 - 45504036
iwpahq@rediffmail.com","VXL Systems59,
SIDCO Industrial Estate Combatore - 641 021 Tamil Nadu Chennai
0422 - 2672874,0422 2673897
vxl@vsnl.com","Sri Saradambika Spintex (P) Ltd.
S.F.No.526/2B, Bilichi Post, Maddampalayam Coimbatore-641 019 Tamil Nadu India
04254-272390,272006
saradha@rediffmail.com","Hotel Maris 
No.11, Cathedral road Chennai - 600 086 Tamil Nadu India
044-8270541","C.R.I. Pumps Private Limited
7/46-1, Keeranatham road Saravanampatty Coimbatore - 641 035Tamil Nadu India
+91-422 2669971
corporateoffice@cripump.com","Rajnikanth Foundation
603-'C', Block Pioneer complex, 1075, avanashi road Coimbatore-641 018 Tamil Nadu India
0422-6585908,6586908
rsmauto@vsnl.com","RSM Autokast Ltd.
603-C', Block Pioneer complex, 1075, avanashi road Coimbatore-641 018 Tamil Nadu India
0422-6585908,6586908
rsmauto@vsnl.com","D.B.V. Cotton Mills P. Ltd.
S.F.No. 206, Narasmhanaickenpalayam Coimbatore - 641 031 Tamil Nadu India
0422 - 2460168, 2460227
dbv_cottonmills@yahoo.com","Indo Shell Cast Pvt. Ltd.
A-14, Sidco Industrial Estate, Coimbatore-641021 Tamilnadu India
422 3041600,0422 3041612
sivanandhanr@indoshellcast.com","Century Flour Mills Limited
P.O.Box. No. 1674, First Floor, Esplanade Indian Chamber Buildings Chennai - 600 108 Tamil Nadu India
044 - 2534 2043/44
cfmlho@vsnl.in
cfmlho@dataone.in",,,,,,,,,
361,"Indian Wind Power Association
Besant Avenue, Adyar No. 40 (Ground Floor) Chennai Tamil Nadu India
044 - 45504036
iwpahq@rediffmail.com","Al-Lan Texknit Processors
F-41/A, Anna Nagar EastChennai - 600 102 Tamil Nadu India
91-44-2626 3875/9673/3938/4240
kvr@aie-group.com","Century Flour Mills Limited.
First Floor, Esplanade Indian Chamber Buildings Chennai 600108 Tamil Nadu India
044 25342043/44
cimlho@vsnal.in","Hydro S&S Industries Ltd
827, Anna Salai Dhun Building Chennai Tamil Nadu India
044-28521736
info@hssil.com","Rangamma Steels & Malleables
603-'C', Block Pioneer complex, 1075, avanashi road Coimbatore-641 018 Tamil Nadu India
0422-6585908,6586908
http://vsnl.com","Indo shell Cast Private Limited
A-14, Sidco Industrial Estate, Coimbatore-641021 Tamilnadu India
422 3041600,0422 3041612
sivanandhanr@indoshellcast.com","Ultimate Alloys Private Limited
Kannampalayam Village, Trichy Road, Sulur, Palladam Taluka SF No. 138/1-A, B, C, Coimbatore-641402, Tamil Nadu India
0422 2681728, 0422 2688066
ultimate@ultimatealloys.com","Muthoot Fincorp Limited
Muthoot Centre Thiruvanthapuram Tamil Nadu India
0471 2331427
muthoot@muthoot.com","Natesan Synchrocones Pvt. Ltd.
54/4, Paul Wells Road, Sri Puram ColonyST. Thomas Mount, Chennai-600 016 Tamil Nadu, India
044-23450823
corporate@natesan.co.in",,,,,,,,,,
369,"GTP GRANITES LIMITED
Bharathi Street, 636004 4/36 Swarnapuri, Salem Tamil Nadu India
+91 427 2346392
info@gtpgranites.com","VIKING TEXTILES PRIVATE LIMITED
Avanashi Road, 641603 531 Tirupur Tamil Nadu India
+91 421 2244840
vikingknitters@yahoo.co.in","VIKING KNITTERS
Avanashi Road, 641603 531 Tirupur Tamil Nadu India
+91 421 2244840
vikingknitters@yahoo.co.in","S. MUTHURAJAN
Bharathi Street, 636004 4/36 Swarnapuri, Salem Tamil Nadu India
+91 427 2346392
info@gtpgranites.com","ASHOK GRANITES LIMITED
Bharathi Street, 636004 4/36
Swarnapuri, Salem Tamil Nadu India
+91 427 2346392
info@gtpgranites.com","GLOBAL CALCIUM PRIVATE LIMITED
100 Feet Road, 560095 No. 1, V Block, Koramangala Bangalore Karnataka India
+91 80 40554500
info@globalcalcium.com",,,,,,,,,,,,,
383,"Skill Lotto Solutions Pvt. Ltd
600005, No. 11, Ponnappa Lane, Triplicane, Chennai Tamil Nadu, India
9840915266
ramesh.babu@sugaldamani.com","Coral Drugs Private Limited
110001, 1001, Akash Deep Building, 26 - A Barakhamba Road, New Delhi New Delhi India 
9911263336
coral@coraldrugs.com
kapil@coraldrugs.com","Wires & Fabriks (S.A.) Limited.
302012, Industrial Area, Jhotwara, Jaipur Rajasthan, India
9351329091
http://wirefabrik.com","S. Athappan
620 020 A3, Ramakrishna Nagar, Kallukuzhi, Trichy Tamil Nadu, India
9842814061, 9842814062
classicchennai@gmail.com","Sri Devi Oil Private Limited
637206 SF No. 279/6, Villipalayam, Paramathi Velur Taluka Namakkal, Tamil Nadu, India
9944967617, 9443267533
contact@sridevioil.com","Sivasakthi Threads
641604 253, Mangalam Road, Tirupur, Tamil Nadu, India
0421 4326810
sales@threadking.com","Frontier Knitters
641 601 64, Process Server Street, Tirupur, Tamil Nadu, India
9843040970, 9677749361
jerry_ sharan@rediffmail.com
sureshram@sify.com","Meenakshi Udyog (India) Private Limited
600 008 No. 19. Illrd Floor, Alsamall, 4, Montieth Road, Egmore, Chennai, Tamil Nadu, India
9841077846
meenakshiudyogindia@gmail.com","G D Textiles Pvt Ltd & Shakti Cords Private Limited
625020 Plot No. 496, Vinayagar Nagar, Madurai, Tamil Nadu, India
9345251480
office@indtextile.com",,,,,,,,,,
410,"RANKA - N - RANKA INFRASTRUCTURE PRIVATE LIMITED
560052, Chunningham Road Ranka Chambers, 31 Bangalore Karnataka India
+91 80 22260426
ranka@vsnl.com","P. M. GRANITE EXEPORT PRIVATE LIMITED
560041 No. 129, 7 Main, 5"" Block, Jayanagar Bangalore Karnataka India
+91 80 26534959
pmexports@vsnl.net","M. BABANNA
560041 No. 129, 71 Main, 5"" Block, Jayanagar Bangalore Karnataka India
+91 80 26534959
pmexports@.vsnl.net",,,,,,,,,,,,,,,,
420,"Chhotabhai Jethabhai Patel & Co. 
C. J House, Motapore Nadiad Gujarat India
0268-2562633-34-35
ceejaygroup@yahoo.co.in","Riviera Home Furnishing Pvt. Ltd.
Behind Khadi Ashram G.T Road, Panipath Haryana India
+91.180.266.8401,02
riviera@rivieratex.com","Rajoverseas
Huda, Panipat-132103 Plot No-149-154; Sector 25 Panipat Haryana India
","Jindal Dyechem Industries Pvt. Ltd.
110 Babar Road Opposite World Trade Center New Delhi Delhi India","Kajaria Plus Pvt. Ltd.
J-1; B-1 Extention Modern Cooperative Industrial estate Mathura road; New Delhi Delhi India","Kajaria Ceramics Ltd.
J-1; B-1 Extention Modern Cooperative Industrial estate Mathura road; New Delhi Delhi",,,,,,,,,,,,,
424,"Mac Charles (India) Limited
Number 28, Sankey road, 560 052, Le- Meredian Bangalore Karnataka India
+91 80 2226 2233, +91 80 2228 2828
leme.bangalore@lemeridien.com","Ramkumar Mills Private Limited
Post Box Number 1044, Rajajinagar, 560010 Bangalore Karnataka India
+91 80 23301686 / 23153996 | 23205796
mail@ramkumarmills.com","R. Kuppuswamy
Residency Road, 560025 No. 44-45, 2nd Floor Leo Complex Bangalore Karnataka India
+91 80 25581410 / 25594641","Vikram Traders
560061 Subramanyapura Bangalore Karnataka India
+91 80 26661594 / 26661595 / 26661596",,,,,,,,,,,,,,,
429,"Pragati Agencies
Vishnu Chambers, Shahu Corner, Ichalkarnji - 416 115, District Kolhapur, Maharashtra, India.
0230-2432552
vishnutx@bsl.invishnutx@sancharnet.in","Umang Textiles
Vishnu Chambers, Shahu Corner, Ichalkarnji - 416 115, District Kolhapur, Maharashtra, India.
0230 -2432552
vishnutx@bsnl.invishnutx@sancharnet.in","Ankur Textiles
Vishnu Chambers, Shahu Corner, Ichalkarnji - 416 115, District Kolhapur, Maharashtra, India.
0230 -2432552
vishnutx@bsnl.invishnutx@sancharnet.in","Vandana Textiles
Vishnu Chambers, Shahu Corner, Ichalkarnji - 416 115, District Kolhapur, Maharashtra, India.
0230 -2432552
vishnutx@bsnl.invishnutx@sancharnet.in","Sun Irrigation System (P) Ltd.
Post Box No. 162, 10/276 Kapad Market, Ichalkarnji- 416 115, Dist. Kolhapur, Maharashtra, India
91-93260 10101
ovc_sunflow@rediffmail.com
kpr_sunfab@rediffmail.com","Jathar Textiles Pvt Ltd.
6"" Lane, Gat No. 747/1, Plot No. 32 to 35, Post. Ganganagar, Ichalkarnji - 416 116, Maharashtra, India
91-9822065037
jathargroup@sancharnet.in","Aerolex Cablenet
""Aerolex Center"", No. 109, 3rd Floor, K. H. Road, Bangalore-560 027, India
91-9945511025
aerolex@vsnl.com","B. S. Channabasappa& Sons
Cloth Merchants, 1194, Kalikadevi Road, Davangere - 577 001, Karnataka
08192-231348, 222170
bscdvg@rediffmail.com","Air Control (India) Pvt. Ltd.,
Adam's Court, Baner Road, Pune- 411 045, Maharashtra, India
91-9764499933
aircontrolindia@gmail.com","Bengal Cardboard Industries & Printers Pvt. Ltd.
Oricon House, 4"" floor, 12 Rampart Road, Fort, Mumbai- 400 023, India
91-9869421174
sarafdevelopers@gmail.com",,,,,,,,,
431,South Pole Carbon Asset Management Ltd.,"MITCON Consultancy Services Ltd.
Kubera Chamber, Shivajinagar Pune - 411 005 India",,,,,,,,,,,,,,,,,
438,"South Pole Carbon Asset Management Ltd.
Technoparkstrasse 1 8005 Zürich Switzerland
http://www.southpolecarbon.com",,,,,,,,,,,,,,,,,,
447,"Mantri Developers Private Limited
Vittal Mallaya Road Mantri House, # 41 Bangalore-560001 Karnataka India
080-41345676
Prakash.hegde@mantri.in","Allegro Ventures India Private Limited
Balmatta Road, S/5B, Cryatal Arc, 2nd Floor, Mangalore -575001 Karnataka India
0824 - 4250186
allegroventures@gmail.com","BSK Trading Inc.
80 feet Road # 12, Padmanabhnagar Bangalore Karnataka India
080-26694900","Shakhambhari Enterprises
T Main # 293, Behind D.G. Hospital, Padmanabhnagar Bangalore-560070 Karnataka India
080-2669490
hbsunil.co@gmail.com","Amitronics Private Limited
Hosur Road Building No: 126-B Bangalore Karnataka India
080-28520421
anuj@amitronics.org","Indian Wind Energy Association
PHD House, New Delhi-110010 New Delhi India
011-26523042
manish@inwea.org",,,,,,,,,,,,,
455,"Maracá Ceramic
Avenida Manoel Afonso Cancella, 571 Setor Industrial Norte - Ituiutaba CEP: 38301-196
+55 (34) 3268-5400
http://www.ceramicamaraca.com.br","Carbono Social Serviços Ambientais LTDA.
R. Borges Lagoa, 1065 - Conj. 144 - Vila Clementino СЕР: 04.038-032 São Paulo - SP, Brazil
+55 11 2649-0036
http://www.socialcarbon.com
kupper@socialcarbon.com
rafael@socialcarbon.com",,,,,,,,,,,,,,,,,
456,"Barro Forte Ceramic. Industrial Establishment: AGROINDUSTRIAL BARRO FORTE LTDA.
BR 232, Km 171 Tacaimbó - Pernambuco, Brasil Zip Code: 50.140-000
+55 (81) 3709-5001
ceramicabarroforte@yahoo.com.br","Sustainable Carbon - Projetos Ambientais Ltda.
BR 232, Km 171 Tacaimbó - Pernambuco, Brasil Zip Code: 50.140-000
+55 (81) 3709-5001
ceramicabarroforte@yahoo.com.br","Sustainable Carbon - Projetos Ambientais Ltda.
R. Doutor Bacelar. 368 - Conj. 23 - Vila Clementino Postal Code: 04.026-001 São Paulo - SP. Brazil
+55 11 2649 0036
tecnica@sustainablecarbon.com",,,,,,,,,,,,,,,,
495,"Savita Oil Technologies Ltd.
66/67, Nariman Bhavan, Nariman Point, Mumbai Maharashtra Postfix/ZIP: 400021 India
+91-22 - 2288 3061-2-3-4
savitapolymers@yahoo.co.in","Rajesh Construction Company Limited
M.I.D.C. Cross Road ""B"", Off Andheri Kurla Road, R B House, Andheri (E), Mumbai Maharashtra 400059 India","Smita Steels Rolling Mills Pvt. Ltd.
213/214,Gokul Arcade, Andheri-Sahar Road Vile Parle (E), Mumbai Maharashtra Postfix/ZIP: 400057 India","S. Jogani Exports Pvt. Ltd. 101, Shreeji Chambers, Tata Road No. 2
Opera House Mumbai Maharashtra 400004 India","Dhanlaxmi Fabrics Limited
Bhopar Village, Manpada Road, Behind Anand Chemicals, Dombivli (E) Maharashtra 421204 India
+91-22- 2870590/ 2870592
info@dfl.net.in",,,,,,,,,,,,,,
496,"Positive Climate Care Private Limited
108 Ashirwad Complex, Central Spine, Vidyadhar Nagar Jaipur Rajasthan 302023 India
+91-141-2338078
http://www.positiveclimatecare.com","Savita Oil Technologies Ltd.
66/67, Nariman Bhavan, Nariman Point, Mumbai Maharashtra 400021 India
+91 - 22 - 2288 3061-2-3-4
savitapolymers@yahoo.co.in","Jasmine Industrial Corporation
505 Giriraj, Sant Tukaram Road Mumbai Maharashtra 400009 India
+91-22-23486821/23480276
jasmine@mtnl.net.in","Dhanlaxmi Fabrics Limited
Bhopar Village, Manpada Road, Behind Anand Chemicals, Dombivli (E) Maharashtra 421204 India
+91-22- 2870590/ 2870592
info@dfl.net.in",,,,,,,,,,,,,,,
497,"MITCON Consultancy Services Ltd.
Dr. Rajendra Prasad Road Kubera Chambers Shivajinagar, Pune Maharashtra 411 005 India
020 - 2553 3309, 2553 4322
deepakzade2003@yahoo.com",,,,,,,,,,,,,,,,,,
499,"Positive Climate Care Private Limited
108 Ashirwad Complex, Central Spine, Vidyadhar Nagar Jaipur Rajasthan 302023 India
+91-141-2338078
www.positiveclimatecare.com","Rajesh Construction Company Limited
M.I.D.C. Cross Road ""B"", Off Andheri Kurla Road, R B House, Andheri (E), Mumbai Maharashtra 400059
India","Savla Twisters Pvt. Ltd.
202 A, ""PASHAKA"", Ring Road Surat Gujarat 395002 India","Vijay Industries
D-47 Hanuman Nagar, Vaishali Nagar Jaipur Rajasthan 302021 India","Saurabh Agrotech Pvt. Ltd.
Plot 20-21 & 22 Old Industrial Area Alwar Rajasthan 301001 India",,,,,,,,,,,,,,
500,"Positive Climate Care Private Limited
108 Ashirwad Complex, Central Spine, Vidyadhar Nagar Jaipur Rajasthan 302023 India
+91-141-2338078
www.positiveclimatecare.com","Gemscab Industries Ltd. 
402, 4"" floor, ""Prem Sadan"", 11 Rajendra place, New Delhi Delhi 110008 India","Wires & Fabriks (S.A.) Ltd.
Industrial Area, Jhotwara Jaipur Rajasthan 302012 India","Kingsley Industries Ltd.
605 & 606 Hanuman Nagar Extn., Sirsi Road, Khatipura Jaipur Rajasthan 302012 India",,,,,,,,,,,,,,,
501,"Positive Climate Care Private Limited
108 Ashirwad Complex, Central Spine, Vidyadhar Nagar Jaipur Rajasthan 302023 India
+91-141-2338078
www.positiveclimatecare.com","Savita Oil Technologies Ltd.
66/67, Nariman Bhavan, Nariman Point, Mumbai Maharashtra 400021 India
+91-22 - 2288 3061-2-3-4","Rajesh Construction Co. Ltd.
M.I.D.C. Cross Road ""B"", Off Andheri Kurla Road, R B House, Andheri (E), Mumbai Maharashtra 400059 India","Winro Commercial (India) Ltd
195, Nariman Point, 2nd Floor, 209/210 Arcadia Building, Mumbai Maharashtra 400 021 India","Indian Products Trading Co. Private Ltd.
46 Bajaj Bhawan, 4"" Floor, Nariman point Mumbai Maharashtra 400021 India","Quantum Equipment Co. Ltd.
503, Plot No. 2, ""A"" Wing Kailash Industrial Complex, Parksite Vikhroli (W), Mumbai Maharashtra 400079 India","KN Resources Limited
Subhash Road KN Building Raipur Chhattisgarh 492001 India
+91-771-2293706 / 2293708",,,,,,,,,,,,
525,"Surana Corporation Ltd
29, Whites road, Royapettah Chokkani building Chennai Tamil nadu 600029 India
044-28525127","Vayu Energy (I) Pvt. Ltd 
8/4 Home finder estate, ,60089 Ramapuram, Chennai Chennai 600089 India
+91-44-42669408","Cantor Fitzgerald Europe
17 Crosswall London EC3N 2LB United Kingdom 
+44 207 894 7000",,,,,,,,,,,,,,,,
535,"AKENERJI ELEKTRIK URETIM AS.
Miralay Sefik Caddesi Taksim
No: 15 Istanbul 34437 Turkey
(0090) 212 249 82 82","Global Tan Energy Limited
Ehlibeyt Mahallesi 1259 Sk. Balgat No. 7/2 Ankara Turkey
(0090) 312 472 35 00",,,,,,,,,,,,,,,,,
577,"Muradiye ELEKTRIK URETIM A.S.
ikitelli OSB Ziya Gökalp Mah. Atatürk Bulvari 8. Cad. No:3 Basaksehir/iSTANBUL
+90 212 267 42 06
hasan.ustun@enerturk.com",,,,,,,,,,"GTE KARBON SURDURULEBILIR ENERJI EGT. DAN. VE TIC. A.S.
MAIDAN - Mustafa Kemal Mah. 2118. Cad. No: 4 C Blok 42 06510 Cankaya - Ankara - TURKEY
+90 312 514 63 63
kemal.demirkol@gte.com.tr",,,,,,,,
586,"GE Teobaldo Mateus ME
Estrada de Chã de Alegria, 1000 - Paudalho - PE - CEP: 55.825-000.
+55 (81) 3636-1441","Carbono Social Serviços Ambientais LTDA.
R. Borges Lagoa, 1065 - Conj. 144 - Vila Clementino CEP: 04038-032 São Paulo - SP, Brazil
+55 11 2649-0036
http://www.socialcarbon.com
marcelo@socialcarbon.com
flavia@socialcarbon.com
rafael@socialcarbon.com",,,,,,,,,,,,,,,,,
602,"Maguary Ceramic 
Granja Maguary, s/n, Bairro Paraiso Nazaré da Mata - Pernambuco - Brasil
+55 81-3633 1326","Carbono Social Serviços Ambientais LTDA.
R. Borges Lagoa, 1065 - Conj. 144 - Vila Clementino Postal Code: 55.845-000 São Paulo - SP, Brazil",,,,,,,,,,,,,,,,,
605,"Redd Forests Pty Ltd
11 Renfrew Street, St. Andrews, NSW 2566
61 421 670 567
http://www.reddforests.com", ,,,,,,,,,,,,,,,,,
622,"Jocil Ltd.
Dokiparru Guntur Andhra Pradesh 522 438 India
+91-0863-2290190","The Andhra Sugars Ltd.
Venkatarayapuram Tanuku Andhra Pradesh 534 215 India
+91-8819-224911",,,,,,,,,,,,,,,,,
641,"Connorville Estates Pty Ltd
3943 Connorville Road, Cressy, TAS, 7302
+61 3 6397 8291","Redd Forests Pty Ltd
11 Renfrew Street, St. Andrews, NSW, 2566",,,,,,,,,,,,,,,,,
665,"Office National des Forêts Brasil (O.N.F Brasil)
Fazenda São Nicolau Cotriguaçu Mato Grosso 78 330 000 Federative Republic of Brazil
+55 65 35 55 11 83/+55 65 36 27 43 44
+55 65 35 55 11 83","Office National des Forêts (O.N.F.)
2 avenue de Saint Mandé Paris Cedex 12 75570 France
+33(0)1 4019 5800
Alain.le-berre@onf.fr","PSA Peugeot Citroën
75 avenue de la Grande Armée Paris 75116 France
+33(0)1 4066 5511","Office National des Forêts International (O.N.F. International)
2 avenue de Saint Mandé Paris Cedex 12 75570 France
+33(0)1 4019 5800",,,,,,,,,,,,,,,
668,"RHG Enertürk Enerji Üretim ve Tic. A.S.
Huzur Mah. Cendere Cad. Skyland istanbul B Bok Kat:16 No: 114B/300 Sariyer/ISTANBUL/TURKEY
+0 212 267 42 06","GTE Karbon Sürdürülebilir Enerji Egitim Danismanlik ve Ticaret A.S.
MAIDAN - Mustafa Kemal Mah. 2118. Cad. No: 4 C Blok 42 06510 Çankaya - Ankara - TURKEY
+90 312 514 63 63",,,,,,,,,,,,,,,,,
671,"AP Fashions Pvt. Ltd.
227, A. J. C. Bose Road Anandaloke Building Kolkata West Bengal India
+91-33-2290-4611","Aradhana Investment Limited
5, Middleton Street Kolkata West Bengal India
+91-33-2287-2607","H. C. Commercial
5, Middleton Street Kolkata West Bengal India
+91-33-2287-2607","Hi-Tech Resource Management Limited 
119, Park Street White House Kolkata West Bengal India
+91-33-2249-3177","Maithan Alloys Limited
20, British Indian Street 3F, East India House Kolkata West Bengal India
+91-341-252-1300","Anjaney Ferro Alloys Limited
20, British Indian Street 3F, East India House Kolkata West Bengal India
+91-341-253-1888","NPR Finance Limited
19, R N Mukherjee Road Main Building, 15 Floor Kolkata West Bengal India
+91-33-2248-8824",,,,,,,,,,,,
678,"Arvind.A.Traders
52,5th cross Sengunthapuram Karur Tamilnadu 639002 India
+91 4324 231515,231717","ABI Energy Consultancy Services Private Limited
Sreenivi, No 22 Subramaniyanagar 2nd street, Rengarajapuram, Kodambakkam Chennai Tamilnadu 600024 India
+91 44 65383966",,,,,,,,,,,,,,,,,
708,"BME Rincão do Ivaí Energia S.A.
Avenida Brasil, 2530, Sala H, Hermani, Ibirubá, Rio Grande do Sul State ZIP 98200-000
+55 54 3324 1255","BME Capão da Convenção Energia S.A.
Avenida Brasil, 2530, Sala H, Hermani, Ibirubá, Rio Grande do Sul State ZIP 98200-000
+55 54 3324 1255",,,,,,,,,"Carbotrader Assessoria e Consultoria em Energia Eireli
90, St. Maestro Manoel Antiqueira, Jundiaí, Sao Paulo State, Brazil
+55 11 4522-7180",,,,,,,,
721,"Food & Trees for Africa
94 Bessemer Street Wendywood Gauteng 2130 South Africa
+27(0)11 656 9803/3","RES
22 Plantaan Crescent Vredekloof Cape Town, Western Cape 7560 South Africa
+27(0) 76 834 9250",,,,,,,,,,,,,,,,,
724,"Sapthagiri Distilleries Private Limited
17, Sankey RoadBangalore Karnataka 560020 India
+91 80-23447993 / 23364732",,,,,,,,,,,,,,,,,,
738,"Oréades - Geoprocessing Center
(64) 3661-5825",,,,,,,,,,,,,,,,,,
739,"Endurance Systems Pvt. Ltd.
E-92/93, Ma, Industrial Area, Aurangabad-431 136","Rocket Engineering Corporation Pvt. Ltd.
Plot #D-19, MIDC, Shiroli, Kolhapur","Lap Finance & Consultancy Pvt. Ltd.
Office No. 9 & 10, 5th Floor, Akshay Complex, I.T.I. Road, Aundh, Pune-411 007","Sable Waghire M-98 & Co. Pvt. Ltd.
105, Bhawani Peth Pune-411 042","Shree Ramdeo Baba Steels Pvt. Ltd.
Corporation Building, Old Motor stand, Itwari, Nagpur-440 008","Laxmi Hydraulics Pvt. Ltd.
B-11, MIDC, Chicholi, Pune Road, Solapur-413 255","Varroc Engineering Pvt. Ltd.
E-4, MIDC Industrial Area, Waluj, Aurangabad 431 136","Cooper Foundry Pvt. Ltd.
L-3, Addi. MIDC, Kodoli, Satara-415 001",,,,,,,,,,,
741,"Balkrishna Sizing Industries
Gat No. 747/1 Plot No. 1 and 2, Ganesh Nagar, 6th Lane, Ganganagar, Ichalkaranji 416 115 Maharashtra","Bhilai Engineering Corporation Ltd.
4/5 Industrial Estate, Nandini Road, Bhilai 490 026 Chhattisgarh","Emerson Climate Technologies (1). Ltd.
Karad-Dhebewadi Road, Karad 415110 Maharashtra","Kirloskar Oil Engines Ltd.
13, Laxmanrao Kirloskar road, Khadki, Pune-411003 Maharashtra","E. A. Patil & Associates
316, Nirman Vyapar Kendra, Sector 17, Vashi, and Navi Mumbai-400705",,,,,,,,,,,,,,
744,"Shree Naman Developers Limited
Bandra Kurla Complex, C-31, Naman Centre, Mumbai - 400051 Maharashtra India","Ranjeet Bullion
864, Saraf Bazaar, Sangli - 416416 Maharashtra India","B.S. Channabasappa & Sons
No. 5,6, Kakiladevi Road, Davangere - 577001 Karnataka India",,,,,,,,,,,,,,,,
745,"E. A. Patil & Associates
316, Nirman Vyapar Kendra, Sector 17, Vashi, Navi Mumbai-400705","Shraddha Energy and Infraprojects Pvt. Ltd.
""Shraddha House"" CTS No:1206 A/1, Plot No:887-A , Shirole Road, Off J.M. road, Pune- 411004(Maharashtra)","L.B. Kunjir Engineers & Contractors
L.B. Kunjir, Pelican building, Wing 'B' 107, Raheja woods, Kalyani Nagar, Pune Nagar road, Pune-41 1006","Gadre Marine Export
Gadre Marine Export, 3298-A, Mirkar Wada, Ratnagiri-415612 (Maharashtra)","Devi Construction Co.
Devi Construction Co.
Devi House, 6th Floor, 37 Shivaji Nagar, Pune-41 1005(Maharashtra)",,,,,,,,,,,,,,
746,"E. A. Patil & Associates
316, Nirman Vyapar Kendra, Sector 17, Vashi, Navi Mumbai-400705","B.S.Channbasappa
B.S Channabasappa and Sons, No. 1194, KalkaDevi Road, Davangere - 577 001 Karnataka","Shraddha Energy And Infraprojects Pvt. Ltd.
Shraddha House, Cts No. 1206A/1, Plot No. 887A Shirole Road, Shivajinagar, Pune 411004 Maharashtra","B.S.C. Textiles
B.S Channabasappa and Sons, No. 1194, KalkaDevi Road, Davangere - 577 001 Karnataka",,,,,,,,,,,,,,,
748,"NativeEnergy, Inc.
3 Main Street, Suite 212 Burlington, VT 05401 phone: (802) 861-7707",,,,,,,,,,"5045 Wind Partners LLC
7100 Jackson Creek Road Bozeman, MT 59715",,,,,,,,
749,"I.S.Mills Limited
P.0.Box 12, Madurai Road Theni Tamilnadu 625 531 India 
+91 4546 325001,325002","Abi Energy Consultancy Services
22, Suramaniyanagar 2nd Street , Rengarajapuram, Kodambakkam Chennai Tamilnadu 600 024 India 
+91 44 65383966",,,,,,,,,,,,,,,,,
752,"Ozaltin Enerji Uretim ve Insaat A.S.
Nene Hatun Caddesi No: 115 Cankaya/Ankara
+90 312 466 40 20",,,,,,,,,,"GTE KARBON SURDURULEBILIR ENERJI EGT. DAN. VE TIC. A.S.
MAIDAN - Mustafa Kemal Mah. 2118. Cad. No: 4 C Blok 42 06510 Cankaya - Ankara - TURKEY
+90 312 514 63 63",,,,,,,,
756,"Basin Electric Power Cooperative
1717 East Interstate Avenue Bismarck, ND 58503-0564
(701) 557-5752","Basin Electric Power Cooperative
1717 East Interstate Avenue Bismarck, ND 58503-0564
(701) 557-5638","Mitchell Technical College
1800 East Spruce Street Mitchell, South Dakota 57301
(605) 995-3023",,,,,,,,"Blue Delta Energy, LLC
458 Grand Avenue, Suite 201 New Haven, CT 06513
(475) 441-7939",,,,,,,,
773,"Sree Rengaraaj Power India Private Limited
No 99, Sankagiri Main Road, Salem Tamilnadu 636 002 India +91 427 2270235","ABI Energy Consultancy Services Private Limited.
22,Subramaniyanagar 2' Street ,Rengarajapuram, ,Kodambakkam Chennai Tamilnadu 600024 India 
+91 44 6538 3966",,,,,,,,,,,,,,,,,
784,"Milkfood Limited
5th Floor, Bhandari House, 91 Nehru Place, New Delhi 110019
+91-11-26460670, 26463773",,,,,,,,,,"Enen Green Services Private Limited
506,4, RPS Savana, sector 88, Faridabad 
+91-9953935506",,,,,,,,
786,"Hyundai Green power CO., Ltd:","Hyundai Steel Mill CO., Ltd",,,,,,,,,"CERPD Inc.
1420 156' AVE NE Ste H, Bellevue, WA, USA 98007",,,,,,,,
800,"Lanxess India Private Limited
Birlagram, Nagda Madhya Pradesh 456 332 India 
91-7366-245104","Hitesh Plast Limited
Saki Vihar Road C/130, Solaris -1, Opp. L & T gate no. 6, Powai Mumbai Maharashtra 400 072 India
91-22-400156500","Mipak Polymers Limited
Saki Vihar Road C/130, Solaris -1, Opp. L & T gate no. 6, Powai Mumbai Maharashtra 400 072 India
91-22-400156500","Muchhala N. V.
140, Sitaladevi Temple Road 7, Sitaladevi Industrial Estate Mahim (West), Mumbai Maharashtra 400 016 India
91-22-24449064","Neharaj Energy
12 -A, General J. Bhosale road 51, Advent, near Y. B. Chavan Auditorium Nariman Point, Mumbai Maharshtra 400 021 India
91-22-40334561",,,,,,,,,,,,,,
802,"699 Construction Joint Stock Company Joint Stock Company
No 201, Truong Chinh street, Khuong Mai ward, Thanh Xuan district, Hanoi, Vietnam
+ 84 4 4632328","Energy and Environment Consultancy Joint Stock Company
Room 1210, building 18T2, Trung Hoa Nhan Chinh, Le Van Luong Street, Hanoi, Vietnam
+84 4 3557 9753","Swiss Carbon Value Ltd.
Technoparkstr.1 8005 Zurich, Switzerland
+ 41 43 501 3550",,,,,,,,,,,,,,,,
803,"Redphoenix Consultancy Private Limited
CP Ramaswami Road, Old No. 93 New no. 2 Arundhati Apartment, Alwarpet, Chennai- 600018 India",,,,,,,,,,,,,,,,,,
811,"Nam Mu Hydropower Joint Stock Company
Tan Thanh commune, Bac Quang district, Ha Giang province, Viet Nam
+84 219 382 7276","Swiss Carbon Value Ltd.
Technoparkstr.1 8005 Zurich, Switzerland
+ 41 43 501 3550",,,,,,,,,"Energy and Environment Consultancy Joint Stock Company
Room 1210, building 18T2, Trung Hoa - Nhan Chinh, Le Van Luong street, Hanoi, Vietnam
+84 4 214 8810",,,,,,,,
828,"Ruchi Soya Industries Ltd.
7/5 South Tukoganj, Nath Mandir road 301, Mahakosh House Indore Madhya Pradesh 452001 India
0731-2513281","National Steel and Agro Industries Limited
7/5 South Tukoganj 401-Mahakosh House Indore Madhya Pradesh 452001 India
0731-4255234","Ruchi Global Limited (RGL) 
7/5 South Tukoganj 504-Mahakosh House Indore Madhya Pradesh 452001 India
0731-2518124-25-26",,,,,,,,,,,,,,,,
829,"Jatropha Mali Initiative (JMI)
Rue du Père Michel, Bamako, Mali
+223 21 57 40 97
kitajmi@yahoo.fr","Eco-Carbone
15, Avenue de Ségur, Paris, France
+331 53 59 83 89
b.dupeloux@eco-carbone.com",,,,,,,,,"Novartis International SA
Bâle, Suisse
+41 61 324 11 11","Déguessi Vert Bamako, Mali",,,,,,,
840,"Dhariwal Industries Ltd. and M/s. R.M. Dhariwal (HUF)
100/101, Manikchand House, D. Kennedy Road, Pune, Maharashtra, 411001
91-9422404540",,,,,,,,,,"EKI Energy Services Limited
EnKing Embassy, Office No. 201, Plot 48, Scheme 78, Part 2, Vijay Nagar, Indore- 452010 Madhya Pradesh, India
0731 428 9086",,,,,,,,
844,"Maderera Río Acre S.A.C. (Maderacre), Maderera Río Yaverija S.A.C. (Maderyja) and Greenoxx NGO
Av. Leon Velarde S/N, Iñapari, Madre de Dios
+51 982798119","Maderya SAC
Av. Leon Velarde S/N, Iñapari, Madre de Dios
+51 993504890","Greenoxx NGO
Costa Rica 1661/of. 7 CP 11500, Montevideo, Uruguay
+598 2604 08 69",,,,,,,,"BOSQUES AMAZONICOS SAC (BAM)
Jirón San Martin 1084; Tambopata, Puerto Maldonado, Madre de Dios, Peru","AIDER NGO
Av. Jorge Basadre 180 3° piso Of. 6; San Isidro, Lima 27, Peru
","CESVI and WWF (World Wildlife Fund Inc.)
Av. San Felipe 537; Jesús Maria, Lima, Peru","World Wildlife Fund Inc. (WWF)
Trinidad Morán 853; Lince, Lima 14, Peru","Rainforest Alliance, Inc. (RA)
Fonavi MZ J Lote 11, Puerto Maldonado, Madre de Dios, Peru","National Forestry Chamber
Jr. Ramón Dagnino 369","University of Leeds — School of Geography
Leeds LS2 9JT, UK","La Molina Agrarian National University - Management Forest Department (MFD)
Av. La Molina s/n; La Molina, Peru","University of the Pacific - Faculty of Economy (FEUP)
Av. Salaverry 2020; Jesús Maria, Lima, Peru"
857,"REI Agro Limited
58 A/1, Sainik Farm, New Delhi Delhi 110 062 India
011 - 32905030, 32906030","Octal Suppliers Pvt Ltd..
58 A/1, Sainik Farm, New Delhi Delhi 110 062 India 011 - 32905030, 32906030",,,,,,,,,,,,,,,,,
858,"REI Agro Private Limited
58 A/1, Sainik Farm, New Delhi - 110062 India
+91-11-32905030","Octal Suppliers Pvt. Ltd.
58 A/1, Sainik Farm, New Delhi - 110062, India.
32905030",,,,,,,,,,,,,,,,,
875,"Florestal Santa Maria S.A.
Rua Augusta, 2883, Cj. 62, 6° andar / São Paulo, SP, CEP: 01413-100",,,,,,,,,,"PLANT Inteligência Ambiental Ltda.
Rua Morais Barros, 1413 - Centro, CEP: 13419-240 - Piracicaba, SP","Bunge Emissions Group
Av. Maria Coelho Aguiar, 215 - BI. D, g'' floor - Sao Paulo, SP - CEP 05804 000","AVIX Geo Ambiental
Praça Prof. Sérgio Bonganhi, 120 (Ed. Terras Center Office), CJ. 107 - Piracicaba, SP","Pinheiro Neto Advogados
Rua Hungria, 1.100; CEP: 01455-906; São Paulo - SP","VO2 Desenvolvimento Empresarial
Rua Augusta, 2883 - CJ. 31 3° Andar / CEP: 01413-100 - Bairro Cerqueira Cesar / São Paulo - SP",,,,
895,"REI Agro Limited
58 A/1, Sainik Farm, New Delhi Delhi 110 062 India
011 - 32905030, 32906030","Neonet Merchandise Private Limited 
58 A/1, Sainik Farm, New Delhi Delhi 110 062 India
011 - 32905030, 32906030","Surpriya Tradelink Private Limited
58 A/1, Sainik Farm New Delhi Delhi 110 062 India
011 - 32905030, 32906030",,,,,,,,,,,,,,,,
896,"Foz do Chapecó Energia S.A.
203, St. Germano Wendhausen, Centro Executivo Beiramar, Room 401 Florianopolis City - Santa Catarina State, Brazil - ZIP 88015-460
+55 48 3029-5076",,,,,,,,,,"Carbotrader Assessoria e Consultoria em Energia EIRELI
190, St Cap. Cassiano Ricardo de Toledo, Jundiai City, Sao Paulo State, Brazil, ZIP 13201-840
+55 11 4522-7180",,,,,,,,
915,"Violet Green Power Private Limited
Fourth floor, Caledon square, Avinashi road, Peelamedu Combatore, Tamil Nadu - 641004, India
+91 - 9842274234",,,,,,,,,,"EKI Energy Services Limited
Office No 201, Plot No 48, Scheme 78, Vijay Nagar Part- Il, Indore 452010, India
+91 - 7828347589",,,,,,,,
938,"Crown Milk Specialities Pvt. Ltd.
C-169, Industrial Area VIII B, S.A.S Nagar Mohali, Punjab. 160055 India
0172-256701",,,,,,,,,,,,,,,,,,
943,"Cerâmica Rio Negro Ltda
Estrada do Brito, s/n°, Zona rural - Cacau Pirera 69405-000
+55 (92) 9142-9831","Sustainable Carbon - Projetos Ambientais Ltda.
Rua Borges Lagoa, 1065 - Conj. 144 - Vila Clementino, São Paulo - SP, Brasil 04038-032
+55 (11) 2649 0036",,,,,,,,,,,,,,,,,
945,"Chongqing Youshui Hydropower Development Co., Ltd
Youchou town, Youyang County Chongqing Municipality Youyang County 408809 China
023-75414057","AES Carbon Exchange, Ltd.
8 Par-La-Ville Road Mintflower Place, 4"" floor Hamilton HM 08 Bermuda
+1 321 549 3965",,,,,,,,,,,,,,,,,
955,"EnKing International 
Opp. Gujrati Girls College, Maharani Road, 405, Block - A, Prem Trade Centre Indore Madhya Pradesh 452007 India
+91-731-4289086",,,,,,,,,,,,,,,,,,
957,"Ecoinvest Carbon S.A.
13, Rte de Florissant, CH-1211, Geneva Switzerland
info@ecoinvestcarbon.com",,,,,,,,,,,,,,,,,,
962,"Forestal Tekoayhu
Av. Luis A. De Herrera 1248, Office. 234 Montevideo 11.300 Uruguay
+598 2 6285029",,,,,,,,,,Cambium Forestal Uruguay S.A.,,,,,,,,
